0,1,2
A Cappella,spotify:user:particledetector:playlist:5Cji0P4yamcEy9pD6cWQgb,http://open.spotify.com/user/particledetector/playlist/5Cji0P4yamcEy9pD6cWQgb
Abstract,spotify:user:particledetector:playlist:4NgrKfsFNJTKwbsMfNKMXN,http://open.spotify.com/user/particledetector/playlist/4NgrKfsFNJTKwbsMfNKMXN
Accordion,spotify:user:particledetector:playlist:5ZDeCEsIFTCYtfA6aar95C,http://open.spotify.com/user/particledetector/playlist/5ZDeCEsIFTCYtfA6aar95C
Acid House,spotify:user:particledetector:playlist:6spctyydKOcZHjtOPqq0xv,http://open.spotify.com/user/particledetector/playlist/6spctyydKOcZHjtOPqq0xv
Acid Jazz,spotify:user:particledetector:playlist:3LocOLTYyiGrqiRMMnQw7S,http://open.spotify.com/user/particledetector/playlist/3LocOLTYyiGrqiRMMnQw7S
Acid Techno,spotify:user:particledetector:playlist:672HQT60MD5HCG0HsA3SmS,http://open.spotify.com/user/particledetector/playlist/672HQT60MD5HCG0HsA3SmS
Adult Standards,spotify:user:particledetector:playlist:4CiE2eXn5xJ5CUhmKPN3EW,http://open.spotify.com/user/particledetector/playlist/4CiE2eXn5xJ5CUhmKPN3EW
Afrobeat,spotify:user:particledetector:playlist:1TUgFEQuEiUFkSaWNmIf52,http://open.spotify.com/user/particledetector/playlist/1TUgFEQuEiUFkSaWNmIf52
Afrobeats,spotify:user:particledetector:playlist:78pWC7BArR9Mx9uwoXAC3F,http://open.spotify.com/user/particledetector/playlist/78pWC7BArR9Mx9uwoXAC3F
Aggrotech,spotify:user:particledetector:playlist:5gtoqHlkUoAhnBsiQOXruf,http://open.spotify.com/user/particledetector/playlist/5gtoqHlkUoAhnBsiQOXruf
Alternative CCM,spotify:user:particledetector:playlist:4JMphwuoeErmV1bGIfYYCt,http://open.spotify.com/user/particledetector/playlist/4JMphwuoeErmV1bGIfYYCt
Alternative Country,spotify:user:particledetector:playlist:6MdqVwbUAMHuAeqX0jz09h,http://open.spotify.com/user/particledetector/playlist/6MdqVwbUAMHuAeqX0jz09h
Alternative Dance,spotify:user:particledetector:playlist:1A2gajFy5iWaGGBrBBPO84,http://open.spotify.com/user/particledetector/playlist/1A2gajFy5iWaGGBrBBPO84
Alternative Hardcore,spotify:user:particledetector:playlist:781UAb4qyfpLOrz9J2sU71,http://open.spotify.com/user/particledetector/playlist/781UAb4qyfpLOrz9J2sU71
Alternative Hip Hop,spotify:user:particledetector:playlist:3Tc54JrEIM0PSFcnLsIgKA,http://open.spotify.com/user/particledetector/playlist/3Tc54JrEIM0PSFcnLsIgKA
Alternative Metal,spotify:user:particledetector:playlist:3YvedlV5GDjJlop4G2rAth,http://open.spotify.com/user/particledetector/playlist/3YvedlV5GDjJlop4G2rAth
Alternative Pop,spotify:user:particledetector:playlist:6N3hU0pAaTHOEHWO3ztRJe,http://open.spotify.com/user/particledetector/playlist/6N3hU0pAaTHOEHWO3ztRJe
Alternative R&B,spotify:user:particledetector:playlist:1l1qXlsRmwLD9AHbXWv7o4,http://open.spotify.com/user/particledetector/playlist/1l1qXlsRmwLD9AHbXWv7o4
Alternative Rock,spotify:user:particledetector:playlist:1lvnHXSYwtPmxNEOK4nwu8,http://open.spotify.com/user/particledetector/playlist/1lvnHXSYwtPmxNEOK4nwu8
Anarcho-Punk,spotify:user:particledetector:playlist:2tHoXLd7t9xjhet1K3y0tI,http://open.spotify.com/user/particledetector/playlist/2tHoXLd7t9xjhet1K3y0tI
Argentine Rock,spotify:user:particledetector:playlist:3IyoGm8A5EFKLgZciN8QkP,http://open.spotify.com/user/particledetector/playlist/3IyoGm8A5EFKLgZciN8QkP
Armenian Folk,spotify:user:particledetector:playlist:6BlmVErlKF7P25cuGP8YwR,http://open.spotify.com/user/particledetector/playlist/6BlmVErlKF7P25cuGP8YwR
Art Rock,spotify:user:particledetector:playlist:3RYskhCrO03OX20Rd8P6Y9,http://open.spotify.com/user/particledetector/playlist/3RYskhCrO03OX20Rd8P6Y9
Atmospheric Black Metal,spotify:user:particledetector:playlist:7ilpqegjelGR6trOTMQuT3,http://open.spotify.com/user/particledetector/playlist/7ilpqegjelGR6trOTMQuT3
Australian Hip Hop,spotify:user:particledetector:playlist:2dQBCyLQY3W0qIwyKBhJlB,http://open.spotify.com/user/particledetector/playlist/2dQBCyLQY3W0qIwyKBhJlB
Austropop,spotify:user:particledetector:playlist:3tyzcgPZCtLFlbwzkvSj0K,http://open.spotify.com/user/particledetector/playlist/3tyzcgPZCtLFlbwzkvSj0K
Avant-Garde Jazz,spotify:user:particledetector:playlist:0fKxcWT5OfYTfBjSPb6Gct,http://open.spotify.com/user/particledetector/playlist/0fKxcWT5OfYTfBjSPb6Gct
Ax√©,spotify:user:particledetector:playlist:6bRruRD07FqvmDq5nloWnQ,http://open.spotify.com/user/particledetector/playlist/6bRruRD07FqvmDq5nloWnQ
Azonto,spotify:user:particledetector:playlist:4bMHDh0iNjnN3mDilokqF3,http://open.spotify.com/user/particledetector/playlist/4bMHDh0iNjnN3mDilokqF3
Bachata,spotify:user:particledetector:playlist:7gNCVZ5IkLkANU7PEFI7ld,http://open.spotify.com/user/particledetector/playlist/7gNCVZ5IkLkANU7PEFI7ld
Baile Funk,spotify:user:particledetector:playlist:4QCBNog7J1jlBqBNnask50,http://open.spotify.com/user/particledetector/playlist/4QCBNog7J1jlBqBNnask50
Balearic,spotify:user:particledetector:playlist:1mcAl6S8OPAoMDs54eAKv7,http://open.spotify.com/user/particledetector/playlist/1mcAl6S8OPAoMDs54eAKv7
Balkan Brass,spotify:user:particledetector:playlist:7gkgO4O3pvJbiX3YkRpvip,http://open.spotify.com/user/particledetector/playlist/7gkgO4O3pvJbiX3YkRpvip
Barbershop,spotify:user:particledetector:playlist:0tDaziFLeFBzTQQ7OzJ5VT,http://open.spotify.com/user/particledetector/playlist/0tDaziFLeFBzTQQ7OzJ5VT
Baroque,spotify:user:particledetector:playlist:7AsF3bH35ghz6Ya8jLmXlE,http://open.spotify.com/user/particledetector/playlist/7AsF3bH35ghz6Ya8jLmXlE
Bassline,spotify:user:particledetector:playlist:3hvuE5F8lOusu1AWscg1k0,http://open.spotify.com/user/particledetector/playlist/3hvuE5F8lOusu1AWscg1k0
Beach Music,spotify:user:particledetector:playlist:0m3xiKvN3wUcyCEb4BTHjP,http://open.spotify.com/user/particledetector/playlist/0m3xiKvN3wUcyCEb4BTHjP
Bebop,spotify:user:particledetector:playlist:3GvUUl65PSXjsfqsgNDo7z,http://open.spotify.com/user/particledetector/playlist/3GvUUl65PSXjsfqsgNDo7z
Bemani,spotify:user:particledetector:playlist:1qiVhGwoUJNjM7ypRaslip,http://open.spotify.com/user/particledetector/playlist/1qiVhGwoUJNjM7ypRaslip
Bhangra,spotify:user:particledetector:playlist:6at3Pwo0uJxQVzSLKjF3TG,http://open.spotify.com/user/particledetector/playlist/6at3Pwo0uJxQVzSLKjF3TG
Big Band,spotify:user:particledetector:playlist:1btXEeYCeFk4rUuOZdhNNC,http://open.spotify.com/user/particledetector/playlist/1btXEeYCeFk4rUuOZdhNNC
Big Beat,spotify:user:particledetector:playlist:5xWkpyjQKaLA8M2Q7voB85,http://open.spotify.com/user/particledetector/playlist/5xWkpyjQKaLA8M2Q7voB85
Black Metal,spotify:user:particledetector:playlist:4HAfHiJiKXLT4GqHdHPcs0,http://open.spotify.com/user/particledetector/playlist/4HAfHiJiKXLT4GqHdHPcs0
Blues,spotify:user:particledetector:playlist:3Dw3neVGv5JuD1GwLcaqqg,http://open.spotify.com/user/particledetector/playlist/3Dw3neVGv5JuD1GwLcaqqg
Blues-Rock,spotify:user:particledetector:playlist:4aiT230RT1XPkwPPgQXWRK,http://open.spotify.com/user/particledetector/playlist/4aiT230RT1XPkwPPgQXWRK
Bolero,spotify:user:particledetector:playlist:6wIXz52BoNwxXuiqiIEtU2,http://open.spotify.com/user/particledetector/playlist/6wIXz52BoNwxXuiqiIEtU2
Boogaloo,spotify:user:particledetector:playlist:3B1vQUgt4r6rPTCgENIby4,http://open.spotify.com/user/particledetector/playlist/3B1vQUgt4r6rPTCgENIby4
Boogie-Woogie,spotify:user:particledetector:playlist:642fp1i1L9ZHPmxssEFoEH,http://open.spotify.com/user/particledetector/playlist/642fp1i1L9ZHPmxssEFoEH
Bossa Nova,spotify:user:particledetector:playlist:6uWTZiMIwLW4j511uHc7xI,http://open.spotify.com/user/particledetector/playlist/6uWTZiMIwLW4j511uHc7xI
Boston Rock,spotify:user:particledetector:playlist:5fOlMC8GtYFlV1CWMrgKle,http://open.spotify.com/user/particledetector/playlist/5fOlMC8GtYFlV1CWMrgKle
Boy Band,spotify:user:particledetector:playlist:2cTSmSLtypTTkIZ1Xjsoom,http://open.spotify.com/user/particledetector/playlist/2cTSmSLtypTTkIZ1Xjsoom
Brass Band,spotify:user:particledetector:playlist:6jP5gRCkKehKs3QndqakSv,http://open.spotify.com/user/particledetector/playlist/6jP5gRCkKehKs3QndqakSv
Breakbeat,spotify:user:particledetector:playlist:39uFDwxUXi34C4CXzhyuBI,http://open.spotify.com/user/particledetector/playlist/39uFDwxUXi34C4CXzhyuBI
Breakcore,spotify:user:particledetector:playlist:26zp5smksDu0ZbOhPGxyRR,http://open.spotify.com/user/particledetector/playlist/26zp5smksDu0ZbOhPGxyRR
Brill Building Pop,spotify:user:particledetector:playlist:0lo7JhWwUxvkEDubEyIPrr,http://open.spotify.com/user/particledetector/playlist/0lo7JhWwUxvkEDubEyIPrr
British Blues,spotify:user:particledetector:playlist:6wMGnUiQD1yf3G9Ft0f3rD,http://open.spotify.com/user/particledetector/playlist/6wMGnUiQD1yf3G9Ft0f3rD
British Dance Band,spotify:user:particledetector:playlist:3UqK3ejomxITxRvK9N0Mhn,http://open.spotify.com/user/particledetector/playlist/3UqK3ejomxITxRvK9N0Mhn
British Invasion,spotify:user:particledetector:playlist:2884AlchLX6yoeX2L7wb5g,http://open.spotify.com/user/particledetector/playlist/2884AlchLX6yoeX2L7wb5g
Britpop,spotify:user:particledetector:playlist:3dSDip8Jr7smldOrvb34bb,http://open.spotify.com/user/particledetector/playlist/3dSDip8Jr7smldOrvb34bb
Broken Beat,spotify:user:particledetector:playlist:27mpDGDImXQUy6Ds4KqWbw,http://open.spotify.com/user/particledetector/playlist/27mpDGDImXQUy6Ds4KqWbw
Brutal Death Metal,spotify:user:particledetector:playlist:38RjBEsjLy9rvijg6zEJ03,http://open.spotify.com/user/particledetector/playlist/38RjBEsjLy9rvijg6zEJ03
Bubblegum Dance,spotify:user:particledetector:playlist:6vLY9e1YRvdHFddpaXi8Qy,http://open.spotify.com/user/particledetector/playlist/6vLY9e1YRvdHFddpaXi8Qy
Bubblegum Pop,spotify:user:particledetector:playlist:6pAb9ImimhtSqGIcIX89Ct,http://open.spotify.com/user/particledetector/playlist/6pAb9ImimhtSqGIcIX89Ct
C-Pop,spotify:user:particledetector:playlist:7KtTTZxbGsAGLKlY25EC00,http://open.spotify.com/user/particledetector/playlist/7KtTTZxbGsAGLKlY25EC00
C86,spotify:user:particledetector:playlist:5I6AHX9STVUcJW0cFlL1y9,http://open.spotify.com/user/particledetector/playlist/5I6AHX9STVUcJW0cFlL1y9
Cabaret,spotify:user:particledetector:playlist:3HkfP4tQPzl5mGLfChDetf,http://open.spotify.com/user/particledetector/playlist/3HkfP4tQPzl5mGLfChDetf
Canadian Hip Hop,spotify:user:particledetector:playlist:3YHbdXnCChUYqtG0VNZfj9,http://open.spotify.com/user/particledetector/playlist/3YHbdXnCChUYqtG0VNZfj9
Candy Pop,spotify:user:particledetector:playlist:5ZThJkWrzYHqYNLjZvqfzN,http://open.spotify.com/user/particledetector/playlist/5ZThJkWrzYHqYNLjZvqfzN
Canterbury Scene,spotify:user:particledetector:playlist:5TRxcus9zg8KJ5fMTJo2Ug,http://open.spotify.com/user/particledetector/playlist/5TRxcus9zg8KJ5fMTJo2Ug
Cantopop,spotify:user:particledetector:playlist:5F89CMViVJAUx1m00BbfaQ,http://open.spotify.com/user/particledetector/playlist/5F89CMViVJAUx1m00BbfaQ
Canzone Napoletana,spotify:user:particledetector:playlist:5vT1SylGnuan9hNgh4jmkV,http://open.spotify.com/user/particledetector/playlist/5vT1SylGnuan9hNgh4jmkV
Capoeira,spotify:user:particledetector:playlist:2JK5ZqfA2WgtzG6iZDsD3J,http://open.spotify.com/user/particledetector/playlist/2JK5ZqfA2WgtzG6iZDsD3J
Carnatic,spotify:user:particledetector:playlist:0mAolnE4wFFqNSnLdiRXDC,http://open.spotify.com/user/particledetector/playlist/0mAolnE4wFFqNSnLdiRXDC
Ceilidh,spotify:user:particledetector:playlist:6FkWIiVnv9cMCgroIy5gvE,http://open.spotify.com/user/particledetector/playlist/6FkWIiVnv9cMCgroIy5gvE
Cello,spotify:user:particledetector:playlist:3TfufamvPMWd6NwegSELAB,http://open.spotify.com/user/particledetector/playlist/3TfufamvPMWd6NwegSELAB
Celtic Punk,spotify:user:particledetector:playlist:2R069EmTfeB5rkYthUuvze,http://open.spotify.com/user/particledetector/playlist/2R069EmTfeB5rkYthUuvze
Celtic Rock,spotify:user:particledetector:playlist:6AkmHZaZIBG54heAXlgp9x,http://open.spotify.com/user/particledetector/playlist/6AkmHZaZIBG54heAXlgp9x
Chalga,spotify:user:particledetector:playlist:1MR9C8mFBczG29vgp6mnhL,http://open.spotify.com/user/particledetector/playlist/1MR9C8mFBczG29vgp6mnhL
Chamber Choir,spotify:user:particledetector:playlist:2jMdZ8jOtcPzGDLqNJ9Ywr,http://open.spotify.com/user/particledetector/playlist/2jMdZ8jOtcPzGDLqNJ9Ywr
Chamber Pop,spotify:user:particledetector:playlist:3VDn905sjL77AZTaTsIgXO,http://open.spotify.com/user/particledetector/playlist/3VDn905sjL77AZTaTsIgXO
Chanson,spotify:user:particledetector:playlist:2uiLnBcGtS2U8GcMWzHxqb,http://open.spotify.com/user/particledetector/playlist/2uiLnBcGtS2U8GcMWzHxqb
Chicago Blues,spotify:user:particledetector:playlist:7dxoNrW8XGKVq6yHLLiI0M,http://open.spotify.com/user/particledetector/playlist/7dxoNrW8XGKVq6yHLLiI0M
Chicago House,spotify:user:particledetector:playlist:6qwD48tGbRLj6hXnYEWcm7,http://open.spotify.com/user/particledetector/playlist/6qwD48tGbRLj6hXnYEWcm7
Chicago Soul,spotify:user:particledetector:playlist:61inaDM2vAxqaNZm1WUP4E,http://open.spotify.com/user/particledetector/playlist/61inaDM2vAxqaNZm1WUP4E
Chicano Rap,spotify:user:particledetector:playlist:2aivKZ4nVETUJqYQVWEA8X,http://open.spotify.com/user/particledetector/playlist/2aivKZ4nVETUJqYQVWEA8X
Children's Music,spotify:user:particledetector:playlist:1TnaFN77PtvRi0yIOTkAx2,http://open.spotify.com/user/particledetector/playlist/1TnaFN77PtvRi0yIOTkAx2
Chillwave,spotify:user:particledetector:playlist:2IP2zkYzkNenLPvneigykD,http://open.spotify.com/user/particledetector/playlist/2IP2zkYzkNenLPvneigykD
Chinese Opera,spotify:user:particledetector:playlist:1h7ElCouwTxMqBzq1C82Ha,http://open.spotify.com/user/particledetector/playlist/1h7ElCouwTxMqBzq1C82Ha
Chiptune,spotify:user:particledetector:playlist:3EZlG3fprJId6XCL1ONbn8,http://open.spotify.com/user/particledetector/playlist/3EZlG3fprJId6XCL1ONbn8
Choral,spotify:user:particledetector:playlist:5UhLJkomsQPicGkGBb7wIC,http://open.spotify.com/user/particledetector/playlist/5UhLJkomsQPicGkGBb7wIC
Choro,spotify:user:particledetector:playlist:1LDyGyZGQYxap0cNpGNFUt,http://open.spotify.com/user/particledetector/playlist/1LDyGyZGQYxap0cNpGNFUt
Christian Alternative Rock,spotify:user:particledetector:playlist:5yidn4tQ9YhCojJyNb6o2e,http://open.spotify.com/user/particledetector/playlist/5yidn4tQ9YhCojJyNb6o2e
Christian Hardcore,spotify:user:particledetector:playlist:1UcEfOPg8znG9wQMI28sHW,http://open.spotify.com/user/particledetector/playlist/1UcEfOPg8znG9wQMI28sHW
Christian Hip Hop,spotify:user:particledetector:playlist:13WOEuXAqodoz4DpmlCnZE,http://open.spotify.com/user/particledetector/playlist/13WOEuXAqodoz4DpmlCnZE
Christian Metal,spotify:user:particledetector:playlist:4gdhpNQpbtXgXiUSCEhJFQ,http://open.spotify.com/user/particledetector/playlist/4gdhpNQpbtXgXiUSCEhJFQ
Christian Music,spotify:user:particledetector:playlist:2d6HyCjruKtSApqKnnGUMq,http://open.spotify.com/user/particledetector/playlist/2d6HyCjruKtSApqKnnGUMq
Christian Punk,spotify:user:particledetector:playlist:2GK8qBkPhVwC10v4BWDuqS,http://open.spotify.com/user/particledetector/playlist/2GK8qBkPhVwC10v4BWDuqS
Christian Rock,spotify:user:particledetector:playlist:0NOBmbpKIU1yTFko4szaYL,http://open.spotify.com/user/particledetector/playlist/0NOBmbpKIU1yTFko4szaYL
Clarinet,spotify:user:particledetector:playlist:0ro49Sgg6uIl2TCCu12Hdt,http://open.spotify.com/user/particledetector/playlist/0ro49Sgg6uIl2TCCu12Hdt
Classic Rock,spotify:user:particledetector:playlist:4QZcXHwE6Efq5a1KqNo2No,http://open.spotify.com/user/particledetector/playlist/4QZcXHwE6Efq5a1KqNo2No
Classical Guitar,spotify:user:particledetector:playlist:030aSk9FbdXXhiaW5BA2pc,http://open.spotify.com/user/particledetector/playlist/030aSk9FbdXXhiaW5BA2pc
Classical Period,spotify:user:particledetector:playlist:6z18YI83L9jmFABzOFaAt2,http://open.spotify.com/user/particledetector/playlist/6z18YI83L9jmFABzOFaAt2
Colombian Rock,spotify:user:particledetector:playlist:07WBjFnDDVsVOZ5hQADlY3,http://open.spotify.com/user/particledetector/playlist/07WBjFnDDVsVOZ5hQADlY3
Comedy Rock,spotify:user:particledetector:playlist:4z8KUOK7LMTs6oaCwqrrKQ,http://open.spotify.com/user/particledetector/playlist/4z8KUOK7LMTs6oaCwqrrKQ
Complextro,spotify:user:particledetector:playlist:4P751hW4vEMjWS2lcYsHsz,http://open.spotify.com/user/particledetector/playlist/4P751hW4vEMjWS2lcYsHsz
Contemporary Country,spotify:user:particledetector:playlist:1DH4D0Umk6xQwaIGGfYicd,http://open.spotify.com/user/particledetector/playlist/1DH4D0Umk6xQwaIGGfYicd
Contemporary Jazz,spotify:user:particledetector:playlist:4ra0yEQiAv29OiclboumDh,http://open.spotify.com/user/particledetector/playlist/4ra0yEQiAv29OiclboumDh
Cool Jazz,spotify:user:particledetector:playlist:6jhnlqY3ZFvNDGHG5SR1tt,http://open.spotify.com/user/particledetector/playlist/6jhnlqY3ZFvNDGHG5SR1tt
Country Blues,spotify:user:particledetector:playlist:0EOZtLMmtfRkbPc5YXZu7T,http://open.spotify.com/user/particledetector/playlist/0EOZtLMmtfRkbPc5YXZu7T
Country Gospel,spotify:user:particledetector:playlist:3lxGkfT3pTVu8I2eiBoR2C,http://open.spotify.com/user/particledetector/playlist/3lxGkfT3pTVu8I2eiBoR2C
Country Road,spotify:user:particledetector:playlist:01BPvHEtPVN6eY6anB3wTm,http://open.spotify.com/user/particledetector/playlist/01BPvHEtPVN6eY6anB3wTm
Country Rock,spotify:user:particledetector:playlist:5PBqBmQKjD4G9rd5i62ETw,http://open.spotify.com/user/particledetector/playlist/5PBqBmQKjD4G9rd5i62ETw
Crunk,spotify:user:particledetector:playlist:2PMAevtYNJ7XX0NT81SnY8,http://open.spotify.com/user/particledetector/playlist/2PMAevtYNJ7XX0NT81SnY8
Crust Punk,spotify:user:particledetector:playlist:1xzJeLWg3Q9ojO4sGVJ44v,http://open.spotify.com/user/particledetector/playlist/1xzJeLWg3Q9ojO4sGVJ44v
Cuban Rumba,spotify:user:particledetector:playlist:05Tb5aNknsKOBPXwGpsSqO,http://open.spotify.com/user/particledetector/playlist/05Tb5aNknsKOBPXwGpsSqO
Cubaton,spotify:user:particledetector:playlist:4LvWYOXnfEAVg7lWnbbq0j,http://open.spotify.com/user/particledetector/playlist/4LvWYOXnfEAVg7lWnbbq0j
Cumbia,spotify:user:particledetector:playlist:6KHtUiAdkgNioB5bCWHBZX,http://open.spotify.com/user/particledetector/playlist/6KHtUiAdkgNioB5bCWHBZX
Cumbia Villera,spotify:user:particledetector:playlist:2XaltzM3QECoYbFS34yvd5,http://open.spotify.com/user/particledetector/playlist/2XaltzM3QECoYbFS34yvd5
Cyber Metal,spotify:user:particledetector:playlist:6gprdO47kmUZp4Pquzx6bs,http://open.spotify.com/user/particledetector/playlist/6gprdO47kmUZp4Pquzx6bs
Dance Pop,spotify:user:particledetector:playlist:3rl2wHSooZj57G9zdMTfx0,http://open.spotify.com/user/particledetector/playlist/3rl2wHSooZj57G9zdMTfx0
Dance Rock,spotify:user:particledetector:playlist:6HCUGykUzmt5zSHO4PMDsm,http://open.spotify.com/user/particledetector/playlist/6HCUGykUzmt5zSHO4PMDsm
Dancehall,spotify:user:particledetector:playlist:5BGaSqYOZ3cw57BzBydc2n,http://open.spotify.com/user/particledetector/playlist/5BGaSqYOZ3cw57BzBydc2n
Dangdut,spotify:user:particledetector:playlist:23N5nZsikX3zatEVraQKUD,http://open.spotify.com/user/particledetector/playlist/23N5nZsikX3zatEVraQKUD
Dansband,spotify:user:particledetector:playlist:3RM9h63J28pBIbWpaz1zhd,http://open.spotify.com/user/particledetector/playlist/3RM9h63J28pBIbWpaz1zhd
Danseband,spotify:user:particledetector:playlist:7mYruuzASMNDC4vzlPZJfr,http://open.spotify.com/user/particledetector/playlist/7mYruuzASMNDC4vzlPZJfr
Dansktop,spotify:user:particledetector:playlist:4maKKXnpDO1MP85Ri7X3RN,http://open.spotify.com/user/particledetector/playlist/4maKKXnpDO1MP85Ri7X3RN
Dark Ambient,spotify:user:particledetector:playlist:1PCoSagKgqaXd4uyaFA1Io,http://open.spotify.com/user/particledetector/playlist/1PCoSagKgqaXd4uyaFA1Io
Dark Cabaret,spotify:user:particledetector:playlist:042cpQ1RbFuwNzrXlxHGhK,http://open.spotify.com/user/particledetector/playlist/042cpQ1RbFuwNzrXlxHGhK
Dark Psytrance,spotify:user:particledetector:playlist:3G0aJ8eC2tR18mWPX2P9aE,http://open.spotify.com/user/particledetector/playlist/3G0aJ8eC2tR18mWPX2P9aE
Dark Wave,spotify:user:particledetector:playlist:07mfirteEgNWZ3QG8AhU2g,http://open.spotify.com/user/particledetector/playlist/07mfirteEgNWZ3QG8AhU2g
Darkstep,spotify:user:particledetector:playlist:32PqBNpilQVMFM0VqHQkU7,http://open.spotify.com/user/particledetector/playlist/32PqBNpilQVMFM0VqHQkU7
Death Metal,spotify:user:particledetector:playlist:5q1GFs7sbcpA0xarWBSF9m,http://open.spotify.com/user/particledetector/playlist/5q1GFs7sbcpA0xarWBSF9m
Deathgrind,spotify:user:particledetector:playlist:397cNBbwBDS7euoCS7A7qh,http://open.spotify.com/user/particledetector/playlist/397cNBbwBDS7euoCS7A7qh
Deep Funk,spotify:user:particledetector:playlist:7rgpCtDxMbPSrgkAR8OZoT,http://open.spotify.com/user/particledetector/playlist/7rgpCtDxMbPSrgkAR8OZoT
Deep House,spotify:user:particledetector:playlist:70JIt2NFuXPvrVnJwfzedF,http://open.spotify.com/user/particledetector/playlist/70JIt2NFuXPvrVnJwfzedF
Delta Blues,spotify:user:particledetector:playlist:7Bbnd0oCJXyqGqqEngID5Y,http://open.spotify.com/user/particledetector/playlist/7Bbnd0oCJXyqGqqEngID5Y
Demoscene,spotify:user:particledetector:playlist:5U3MT9V6pVkIwlKzrPsapF,http://open.spotify.com/user/particledetector/playlist/5U3MT9V6pVkIwlKzrPsapF
Detroit Hip Hop,spotify:user:particledetector:playlist:4PchUVG60Ix2ggJTsniaWZ,http://open.spotify.com/user/particledetector/playlist/4PchUVG60Ix2ggJTsniaWZ
Detroit Techno,spotify:user:particledetector:playlist:7cm4tt6sv3jeOLhIFcsODO,http://open.spotify.com/user/particledetector/playlist/7cm4tt6sv3jeOLhIFcsODO
Didgeridoo,spotify:user:particledetector:playlist:6jmVv3yUcIVumWu1YTyOLb,http://open.spotify.com/user/particledetector/playlist/6jmVv3yUcIVumWu1YTyOLb
Digital Hardcore,spotify:user:particledetector:playlist:6lQx4GtAfZ41y7ModvU6Ef,http://open.spotify.com/user/particledetector/playlist/6lQx4GtAfZ41y7ModvU6Ef
Disco,spotify:user:particledetector:playlist:48HPORCnZxNZrUNjqdhzcQ,http://open.spotify.com/user/particledetector/playlist/48HPORCnZxNZrUNjqdhzcQ
Disco House,spotify:user:particledetector:playlist:0oPJm9b1AZZH0dzDKL9z3o,http://open.spotify.com/user/particledetector/playlist/0oPJm9b1AZZH0dzDKL9z3o
Dixieland,spotify:user:particledetector:playlist:5tpaPIKoV8PArGyZzOvpKI,http://open.spotify.com/user/particledetector/playlist/5tpaPIKoV8PArGyZzOvpKI
Djent,spotify:user:particledetector:playlist:5hrMo1ekVBSvvAyFg5H76e,http://open.spotify.com/user/particledetector/playlist/5hrMo1ekVBSvvAyFg5H76e
Doo-Wop,spotify:user:particledetector:playlist:17NWCfFol5OGR6XTTDAOso,http://open.spotify.com/user/particledetector/playlist/17NWCfFol5OGR6XTTDAOso
Doom Metal,spotify:user:particledetector:playlist:7IYzYkU72UcI1j7xq4FUlJ,http://open.spotify.com/user/particledetector/playlist/7IYzYkU72UcI1j7xq4FUlJ
Doomcore,spotify:user:particledetector:playlist:6YMzPmhxrTbyoh9DWMQPi2,http://open.spotify.com/user/particledetector/playlist/6YMzPmhxrTbyoh9DWMQPi2
Doujin,spotify:user:particledetector:playlist:1wPCwlvDvhpudQ9N49RBKl,http://open.spotify.com/user/particledetector/playlist/1wPCwlvDvhpudQ9N49RBKl
Downtempo,spotify:user:particledetector:playlist:0WDr7WCMndGfhoUwfm0ngS,http://open.spotify.com/user/particledetector/playlist/0WDr7WCMndGfhoUwfm0ngS
Dream Pop,spotify:user:particledetector:playlist:6Dmvrfa44EdS0BBaK98Qbt,http://open.spotify.com/user/particledetector/playlist/6Dmvrfa44EdS0BBaK98Qbt
Drone Metal,spotify:user:particledetector:playlist:0Nr7ORvTQCWEKIEujrZk0X,http://open.spotify.com/user/particledetector/playlist/0Nr7ORvTQCWEKIEujrZk0X
Drum and Bass,spotify:user:particledetector:playlist:71vn5k8TUZLQqoyV6CTnSb,http://open.spotify.com/user/particledetector/playlist/71vn5k8TUZLQqoyV6CTnSb
Drumfunk,spotify:user:particledetector:playlist:3CQL4V6WG1oRROHZDLyJ4r,http://open.spotify.com/user/particledetector/playlist/3CQL4V6WG1oRROHZDLyJ4r
Dub,spotify:user:particledetector:playlist:5CEc2R5gSdlQpIHMVeEzW6,http://open.spotify.com/user/particledetector/playlist/5CEc2R5gSdlQpIHMVeEzW6
Dub Techno,spotify:user:particledetector:playlist:3A8NwcN3rngeGmJ7YhpNyu,http://open.spotify.com/user/particledetector/playlist/3A8NwcN3rngeGmJ7YhpNyu
Dubstep,spotify:user:particledetector:playlist:7kisCv0mEklyViugI8TpLo,http://open.spotify.com/user/particledetector/playlist/7kisCv0mEklyViugI8TpLo
Duranguense,spotify:user:particledetector:playlist:4GAu0LLKK96f72zioZNYdS,http://open.spotify.com/user/particledetector/playlist/4GAu0LLKK96f72zioZNYdS
Dutch House,spotify:user:particledetector:playlist:7FuNpOYjxlnHfLAX0zdX7K,http://open.spotify.com/user/particledetector/playlist/7FuNpOYjxlnHfLAX0zdX7K
Dutch Pop,spotify:user:particledetector:playlist:1I57FwXVwaZDglrkqfRpoE,http://open.spotify.com/user/particledetector/playlist/1I57FwXVwaZDglrkqfRpoE
Early Music,spotify:user:particledetector:playlist:4HyPvxrbRb1C3LVphYnZnR,http://open.spotify.com/user/particledetector/playlist/4HyPvxrbRb1C3LVphYnZnR
East Coast Hip Hop,spotify:user:particledetector:playlist:7JdBgJyXotJ12ogzaJDLYX,http://open.spotify.com/user/particledetector/playlist/7JdBgJyXotJ12ogzaJDLYX
Easy Listening,spotify:user:particledetector:playlist:7g4DR3jZL3nXP8U3jTdF1c,http://open.spotify.com/user/particledetector/playlist/7g4DR3jZL3nXP8U3jTdF1c
Electric Blues,spotify:user:particledetector:playlist:6YrLCUs0X4xy2Tvfts0Sl0,http://open.spotify.com/user/particledetector/playlist/6YrLCUs0X4xy2Tvfts0Sl0
Electro House,spotify:user:particledetector:playlist:4mBdmPmDF3tbkqNyTLGju3,http://open.spotify.com/user/particledetector/playlist/4mBdmPmDF3tbkqNyTLGju3
Electro Swing,spotify:user:particledetector:playlist:6OEaQzgs7E6eMjfzLJcy2y,http://open.spotify.com/user/particledetector/playlist/6OEaQzgs7E6eMjfzLJcy2y
Electro-Industrial,spotify:user:particledetector:playlist:2dmgK42Ye2lkwbgDwlI3HS,http://open.spotify.com/user/particledetector/playlist/2dmgK42Ye2lkwbgDwlI3HS
Electroacoustic Improvisation,spotify:user:particledetector:playlist:449fBauTufaO6lH7xVpNEB,http://open.spotify.com/user/particledetector/playlist/449fBauTufaO6lH7xVpNEB
Electroclash,spotify:user:particledetector:playlist:4kloaANJ0aRr7fUoq5dzUS,http://open.spotify.com/user/particledetector/playlist/4kloaANJ0aRr7fUoq5dzUS
Electronica,spotify:user:particledetector:playlist:0EmTjmRqWc4MJ4QwlAjuN4,http://open.spotify.com/user/particledetector/playlist/0EmTjmRqWc4MJ4QwlAjuN4
Electronicore,spotify:user:particledetector:playlist:2IPBHP77Na8WEUNmXrzr1Y,http://open.spotify.com/user/particledetector/playlist/2IPBHP77Na8WEUNmXrzr1Y
Electropunk,spotify:user:particledetector:playlist:0Z6OgwXqPs2gYnWYSxKvkD,http://open.spotify.com/user/particledetector/playlist/0Z6OgwXqPs2gYnWYSxKvkD
Emo,spotify:user:particledetector:playlist:66DA6NRYRuDp3OEchYhWtd,http://open.spotify.com/user/particledetector/playlist/66DA6NRYRuDp3OEchYhWtd
Enka,spotify:user:particledetector:playlist:4BvM5SWTNwfqpXfFE6nIMz,http://open.spotify.com/user/particledetector/playlist/4BvM5SWTNwfqpXfFE6nIMz
Ethereal Wave,spotify:user:particledetector:playlist:6dypQCqqFkaRNKdLQrr1EK,http://open.spotify.com/user/particledetector/playlist/6dypQCqqFkaRNKdLQrr1EK
Eurodance,spotify:user:particledetector:playlist:6MvRplzCp0Lbmp6irx6xam,http://open.spotify.com/user/particledetector/playlist/6MvRplzCp0Lbmp6irx6xam
Europop,spotify:user:particledetector:playlist:0VJanHlPljLfAkhGlZf5ND,http://open.spotify.com/user/particledetector/playlist/0VJanHlPljLfAkhGlZf5ND
Exotica,spotify:user:particledetector:playlist:0d5rIyWRki5MhHDcfkfvzu,http://open.spotify.com/user/particledetector/playlist/0d5rIyWRki5MhHDcfkfvzu
Experimental Rock,spotify:user:particledetector:playlist:5GrXXkjY5QwhvTb5wXGZ4B,http://open.spotify.com/user/particledetector/playlist/5GrXXkjY5QwhvTb5wXGZ4B
Fado,spotify:user:particledetector:playlist:6MnvScsakQ1RlDtY2FdnrR,http://open.spotify.com/user/particledetector/playlist/6MnvScsakQ1RlDtY2FdnrR
Filmi,spotify:user:particledetector:playlist:3M5RTa7XLBZFTAztnaQIGc,http://open.spotify.com/user/particledetector/playlist/3M5RTa7XLBZFTAztnaQIGc
Filthstep,spotify:user:particledetector:playlist:6xYviIn3vxe8yOy4ACeZIL,http://open.spotify.com/user/particledetector/playlist/6xYviIn3vxe8yOy4ACeZIL
Fingerstyle,spotify:user:particledetector:playlist:43wvVCe0MSMwzRNIwonbY3,http://open.spotify.com/user/particledetector/playlist/43wvVCe0MSMwzRNIwonbY3
Flamenco,spotify:user:particledetector:playlist:0uTfHeo5DaGm2CNDv0Daen,http://open.spotify.com/user/particledetector/playlist/0uTfHeo5DaGm2CNDv0Daen
Folk Metal,spotify:user:particledetector:playlist:3TR9QZngbFiH6ilgoRTMUj,http://open.spotify.com/user/particledetector/playlist/3TR9QZngbFiH6ilgoRTMUj
Folk Punk,spotify:user:particledetector:playlist:6J5aXIGSDEei4tlvpeNaMr,http://open.spotify.com/user/particledetector/playlist/6J5aXIGSDEei4tlvpeNaMr
Folk Rock,spotify:user:particledetector:playlist:4ZIEj9lMuHex76kLtwCyuG,http://open.spotify.com/user/particledetector/playlist/4ZIEj9lMuHex76kLtwCyuG
Folk-Pop,spotify:user:particledetector:playlist:1Rt7M9ZfoA6fVu8EniQASz,http://open.spotify.com/user/particledetector/playlist/1Rt7M9ZfoA6fVu8EniQASz
Footwork,spotify:user:particledetector:playlist:3F86IpnrIWN43eJOX1TJnq,http://open.spotify.com/user/particledetector/playlist/3F86IpnrIWN43eJOX1TJnq
Forro,spotify:user:particledetector:playlist:1jXpmBWRuAhEZTIuUNJDq5,http://open.spotify.com/user/particledetector/playlist/1jXpmBWRuAhEZTIuUNJDq5
Freak Folk,spotify:user:particledetector:playlist:6lTqLDdcZ6tOi2YVZEC5eA,http://open.spotify.com/user/particledetector/playlist/6lTqLDdcZ6tOi2YVZEC5eA
Freakbeat,spotify:user:particledetector:playlist:4OsnVF9y1r7Spd34o4bGwn,http://open.spotify.com/user/particledetector/playlist/4OsnVF9y1r7Spd34o4bGwn
Free Improvisation,spotify:user:particledetector:playlist:1zjr2PAajVZgaDz0ARIvWK,http://open.spotify.com/user/particledetector/playlist/1zjr2PAajVZgaDz0ARIvWK
Free Jazz,spotify:user:particledetector:playlist:6tYc4M6UkfzDCtNa2hLqew,http://open.spotify.com/user/particledetector/playlist/6tYc4M6UkfzDCtNa2hLqew
French Pop,spotify:user:particledetector:playlist:1vEn4qOlqVZvMAUpbjFW8S,http://open.spotify.com/user/particledetector/playlist/1vEn4qOlqVZvMAUpbjFW8S
Full On,spotify:user:particledetector:playlist:1Z0mhq8nYQx1NJIPKZ20m9,http://open.spotify.com/user/particledetector/playlist/1Z0mhq8nYQx1NJIPKZ20m9
Funeral Doom,spotify:user:particledetector:playlist:2BZjNfhicI1v7iBK0ljIOm,http://open.spotify.com/user/particledetector/playlist/2BZjNfhicI1v7iBK0ljIOm
Funk,spotify:user:particledetector:playlist:5aWZkLwEeuL4qFODoJd5S4,http://open.spotify.com/user/particledetector/playlist/5aWZkLwEeuL4qFODoJd5S4
Funk Carioca,spotify:user:particledetector:playlist:13ehXpahXcI7VW0VGuxPIJ,http://open.spotify.com/user/particledetector/playlist/13ehXpahXcI7VW0VGuxPIJ
Funk Metal,spotify:user:particledetector:playlist:56WaeJQuh2CcP8zqu4XJxb,http://open.spotify.com/user/particledetector/playlist/56WaeJQuh2CcP8zqu4XJxb
Funk Rock,spotify:user:particledetector:playlist:6FRFv24bLWiyNQmJua28kE,http://open.spotify.com/user/particledetector/playlist/6FRFv24bLWiyNQmJua28kE
Futurepop,spotify:user:particledetector:playlist:2bCChfCGwOVMH9TVsRMloR,http://open.spotify.com/user/particledetector/playlist/2bCChfCGwOVMH9TVsRMloR
G Funk,spotify:user:particledetector:playlist:3pQwe1ZKCAkhb8PTlFI4i7,http://open.spotify.com/user/particledetector/playlist/3pQwe1ZKCAkhb8PTlFI4i7
Gamelan,spotify:user:particledetector:playlist:6WiNqBZkUoeCOSzvJa28Bo,http://open.spotify.com/user/particledetector/playlist/6WiNqBZkUoeCOSzvJa28Bo
Gangster Rap,spotify:user:particledetector:playlist:052if8CQ1yIFmVWUW59CD6,http://open.spotify.com/user/particledetector/playlist/052if8CQ1yIFmVWUW59CD6
Garage Punk,spotify:user:particledetector:playlist:3xjLPx8i7TRTkgz4q2CxET,http://open.spotify.com/user/particledetector/playlist/3xjLPx8i7TRTkgz4q2CxET
Garage Rock,spotify:user:particledetector:playlist:0duhZhZG9RxNw5VFb5zAne,http://open.spotify.com/user/particledetector/playlist/0duhZhZG9RxNw5VFb5zAne
German Punk,spotify:user:particledetector:playlist:7dTaqGhCHi7dMfqf5uI8sy,http://open.spotify.com/user/particledetector/playlist/7dTaqGhCHi7dMfqf5uI8sy
Ghettotech,spotify:user:particledetector:playlist:2PJg6sxew7tkWeHTt5Qzbq,http://open.spotify.com/user/particledetector/playlist/2PJg6sxew7tkWeHTt5Qzbq
Girl Group,spotify:user:particledetector:playlist:4GHuK0tdPsbDAIjHDrUuoX,http://open.spotify.com/user/particledetector/playlist/4GHuK0tdPsbDAIjHDrUuoX
Glam Metal,spotify:user:particledetector:playlist:5HDzeU4JT4Am4kQRxykm8n,http://open.spotify.com/user/particledetector/playlist/5HDzeU4JT4Am4kQRxykm8n
Glam Rock,spotify:user:particledetector:playlist:3p7iAIPl8F0FAshftON8uD,http://open.spotify.com/user/particledetector/playlist/3p7iAIPl8F0FAshftON8uD
Glitch Hop,spotify:user:particledetector:playlist:6aRNvbzNJ9sZ6IFTUC66f3,http://open.spotify.com/user/particledetector/playlist/6aRNvbzNJ9sZ6IFTUC66f3
Goa Trance,spotify:user:particledetector:playlist:1so7Bv1bNpBQotoDVyrJ0R,http://open.spotify.com/user/particledetector/playlist/1so7Bv1bNpBQotoDVyrJ0R
Goregrind,spotify:user:particledetector:playlist:6AheVWbmNnCzm2A4aecjnG,http://open.spotify.com/user/particledetector/playlist/6AheVWbmNnCzm2A4aecjnG
Gothic Metal,spotify:user:particledetector:playlist:0qQBXFXLBpq5fXO7BOMpa7,http://open.spotify.com/user/particledetector/playlist/0qQBXFXLBpq5fXO7BOMpa7
Gothic Rock,spotify:user:particledetector:playlist:4qWEECm7ADFikQTePVxDjw,http://open.spotify.com/user/particledetector/playlist/4qWEECm7ADFikQTePVxDjw
Grindcore,spotify:user:particledetector:playlist:13X7nfy23YfT3bfsFLA4AL,http://open.spotify.com/user/particledetector/playlist/13X7nfy23YfT3bfsFLA4AL
Groove Metal,spotify:user:particledetector:playlist:3Chkmu4GJkm7lvDwkPydKb,http://open.spotify.com/user/particledetector/playlist/3Chkmu4GJkm7lvDwkPydKb
Grunge,spotify:user:particledetector:playlist:0LHxS0hC2RZI7px90TkxAL,http://open.spotify.com/user/particledetector/playlist/0LHxS0hC2RZI7px90TkxAL
Grupera,spotify:user:particledetector:playlist:4KVJnsgHAcTba11yf2Z35q,http://open.spotify.com/user/particledetector/playlist/4KVJnsgHAcTba11yf2Z35q
Gypsy Jazz,spotify:user:particledetector:playlist:5jLKGN5WilhUlxQHhJYrWk,http://open.spotify.com/user/particledetector/playlist/5jLKGN5WilhUlxQHhJYrWk
Happy Hardcore,spotify:user:particledetector:playlist:71o7MHoigRCvzz4aETP66C,http://open.spotify.com/user/particledetector/playlist/71o7MHoigRCvzz4aETP66C
Hard Alternative,spotify:user:particledetector:playlist:0xmklpX1aqWL2jIyjw8Vj0,http://open.spotify.com/user/particledetector/playlist/0xmklpX1aqWL2jIyjw8Vj0
Hard Bop,spotify:user:particledetector:playlist:0tvJLdGX1A41S4PEupkqAx,http://open.spotify.com/user/particledetector/playlist/0tvJLdGX1A41S4PEupkqAx
Hard House,spotify:user:particledetector:playlist:6hfg89kBLaHyZS5NKOrrym,http://open.spotify.com/user/particledetector/playlist/6hfg89kBLaHyZS5NKOrrym
Hard Rock,spotify:user:particledetector:playlist:4K6wuTyqe6jBQGkOzY1DE7,http://open.spotify.com/user/particledetector/playlist/4K6wuTyqe6jBQGkOzY1DE7
Hardcore Hip Hop,spotify:user:particledetector:playlist:3G5EVXb4Vt0ZZWxACcNiEm,http://open.spotify.com/user/particledetector/playlist/3G5EVXb4Vt0ZZWxACcNiEm
Hardcore Punk,spotify:user:particledetector:playlist:3rczF7zO5a8ND0jbq3ElmX,http://open.spotify.com/user/particledetector/playlist/3rczF7zO5a8ND0jbq3ElmX
Hardcore Techno,spotify:user:particledetector:playlist:2x6nBFtDn3Q6NB2MitX9tP,http://open.spotify.com/user/particledetector/playlist/2x6nBFtDn3Q6NB2MitX9tP
Hardstyle,spotify:user:particledetector:playlist:6EqGerHLvRilTydIVbXOto,http://open.spotify.com/user/particledetector/playlist/6EqGerHLvRilTydIVbXOto
Harp,spotify:user:particledetector:playlist:7FbRDvoQ7CIn1Mzfcy9xFW,http://open.spotify.com/user/particledetector/playlist/7FbRDvoQ7CIn1Mzfcy9xFW
Harpsichord,spotify:user:particledetector:playlist:0wNnLqSPjnts8P33Cbf5hy,http://open.spotify.com/user/particledetector/playlist/0wNnLqSPjnts8P33Cbf5hy
Hauntology,spotify:user:particledetector:playlist:2c8ZWLAmWb0KITThlXN7ja,http://open.spotify.com/user/particledetector/playlist/2c8ZWLAmWb0KITThlXN7ja
Highlife,spotify:user:particledetector:playlist:1iY4owoNxtjMqzkyPRqOtK,http://open.spotify.com/user/particledetector/playlist/1iY4owoNxtjMqzkyPRqOtK
Hindustani Classical,spotify:user:particledetector:playlist:4EGlVVzSuCQLRBtKCnpoSv,http://open.spotify.com/user/particledetector/playlist/4EGlVVzSuCQLRBtKCnpoSv
Hip Hop,spotify:user:particledetector:playlist:4ei0MXEGNtYHBRLHZdYoPA,http://open.spotify.com/user/particledetector/playlist/4ei0MXEGNtYHBRLHZdYoPA
Hip Hop Tuga,spotify:user:particledetector:playlist:2TRsBxfD6yYDDMVduBQFYj,http://open.spotify.com/user/particledetector/playlist/2TRsBxfD6yYDDMVduBQFYj
Hip House,spotify:user:particledetector:playlist:42ZGATd3AdjHqVTChEZa1H,http://open.spotify.com/user/particledetector/playlist/42ZGATd3AdjHqVTChEZa1H
Hiplife,spotify:user:particledetector:playlist:1qV0fxx4tf9GjJYTPJrxLr,http://open.spotify.com/user/particledetector/playlist/1qV0fxx4tf9GjJYTPJrxLr
Horror Punk,spotify:user:particledetector:playlist:3T0wwcxc2cvh85wvRJKptT,http://open.spotify.com/user/particledetector/playlist/3T0wwcxc2cvh85wvRJKptT
Horrorcore,spotify:user:particledetector:playlist:0pYHRCC7llv2CCrcVOXtJJ,http://open.spotify.com/user/particledetector/playlist/0pYHRCC7llv2CCrcVOXtJJ
Hyphy,spotify:user:particledetector:playlist:0exDjZeUWtaPTpw932ivhX,http://open.spotify.com/user/particledetector/playlist/0exDjZeUWtaPTpw932ivhX
Indie Folk,spotify:user:particledetector:playlist:57W4CwDZR26a5cIngXakdK,http://open.spotify.com/user/particledetector/playlist/57W4CwDZR26a5cIngXakdK
Indie Pop,spotify:user:particledetector:playlist:5iAHCT9KqFIiZ84Cj430fK,http://open.spotify.com/user/particledetector/playlist/5iAHCT9KqFIiZ84Cj430fK
Indie Punk,spotify:user:particledetector:playlist:0aGkRJbZH952utHF6e3EId,http://open.spotify.com/user/particledetector/playlist/0aGkRJbZH952utHF6e3EId
Indie R&B,spotify:user:particledetector:playlist:0M3lmObP0cHOixMQWfcMjg,http://open.spotify.com/user/particledetector/playlist/0M3lmObP0cHOixMQWfcMjg
Indie Rock,spotify:user:particledetector:playlist:6zj2ZyaP4WLzE5AhilyeX0,http://open.spotify.com/user/particledetector/playlist/6zj2ZyaP4WLzE5AhilyeX0
Indietronica,spotify:user:particledetector:playlist:3CAvfICEGuyJvm4983XukJ,http://open.spotify.com/user/particledetector/playlist/3CAvfICEGuyJvm4983XukJ
Indorock,spotify:user:particledetector:playlist:2A0YDbRe1nsaz58otIdwSA,http://open.spotify.com/user/particledetector/playlist/2A0YDbRe1nsaz58otIdwSA
Industrial Metal,spotify:user:particledetector:playlist:7h6GQWA8Rmeoo47PccAkWL,http://open.spotify.com/user/particledetector/playlist/7h6GQWA8Rmeoo47PccAkWL
Industrial Rock,spotify:user:particledetector:playlist:3mCAYtn5Rb9Vr2KkolOlek,http://open.spotify.com/user/particledetector/playlist/3mCAYtn5Rb9Vr2KkolOlek
Intelligent Dance Music,spotify:user:particledetector:playlist:35g0COCo53SrYeDYB3nM3X,http://open.spotify.com/user/particledetector/playlist/35g0COCo53SrYeDYB3nM3X
Irish Folk,spotify:user:particledetector:playlist:64p4YbsKAEENKDHyrhqT8g,http://open.spotify.com/user/particledetector/playlist/64p4YbsKAEENKDHyrhqT8g
Iskelma,spotify:user:particledetector:playlist:26aQv8BDqPTknE1xpUyiWk,http://open.spotify.com/user/particledetector/playlist/26aQv8BDqPTknE1xpUyiWk
Italo Dance,spotify:user:particledetector:playlist:4iC91jc85ac5J96yfoQzCD,http://open.spotify.com/user/particledetector/playlist/4iC91jc85ac5J96yfoQzCD
J-Pop,spotify:user:particledetector:playlist:6PyQllNdOy5j5MmcY5NimR,http://open.spotify.com/user/particledetector/playlist/6PyQllNdOy5j5MmcY5NimR
J-Punk,spotify:user:particledetector:playlist:5cBOnRjOtPGACc4EI030eA,http://open.spotify.com/user/particledetector/playlist/5cBOnRjOtPGACc4EI030eA
J-Rock,spotify:user:particledetector:playlist:4vvxoRa9yQsGzpgkmadNwn,http://open.spotify.com/user/particledetector/playlist/4vvxoRa9yQsGzpgkmadNwn
Jam Band,spotify:user:particledetector:playlist:3II7TNWLCHWnpuo7CImgso,http://open.spotify.com/user/particledetector/playlist/3II7TNWLCHWnpuo7CImgso
Jangle Pop,spotify:user:particledetector:playlist:7oc8zE4IQmVuAowMfFtyaa,http://open.spotify.com/user/particledetector/playlist/7oc8zE4IQmVuAowMfFtyaa
Japanoise,spotify:user:particledetector:playlist:61m9HleCbZR61QC9OEp0Zx,http://open.spotify.com/user/particledetector/playlist/61m9HleCbZR61QC9OEp0Zx
Jazz,spotify:user:particledetector:playlist:3hB1ttrIVU8hvGkA7GDz21,http://open.spotify.com/user/particledetector/playlist/3hB1ttrIVU8hvGkA7GDz21
Jazz Funk,spotify:user:particledetector:playlist:5eP9zhBebyH06Ws7RCt418,http://open.spotify.com/user/particledetector/playlist/5eP9zhBebyH06Ws7RCt418
Jazz Fusion,spotify:user:particledetector:playlist:5II8R1Gw7boOWe7efdiYvY,http://open.spotify.com/user/particledetector/playlist/5II8R1Gw7boOWe7efdiYvY
Jazz Metal,spotify:user:particledetector:playlist:796sb0FRqLukx60y0m24rj,http://open.spotify.com/user/particledetector/playlist/796sb0FRqLukx60y0m24rj
Jump Blues,spotify:user:particledetector:playlist:63qrbMkuK4CDhPV5o8gauN,http://open.spotify.com/user/particledetector/playlist/63qrbMkuK4CDhPV5o8gauN
Jumpstyle,spotify:user:particledetector:playlist:4vLGEUolmH7ws2gBF561uW,http://open.spotify.com/user/particledetector/playlist/4vLGEUolmH7ws2gBF561uW
K-Pop,spotify:user:particledetector:playlist:4E0GF2qVgPyMllZ3iAZwgn,http://open.spotify.com/user/particledetector/playlist/4E0GF2qVgPyMllZ3iAZwgn
Kindermusik,spotify:user:particledetector:playlist:4dzLOXIZASCy3st9Tdn9mD,http://open.spotify.com/user/particledetector/playlist/4dzLOXIZASCy3st9Tdn9mD
Kirtan,spotify:user:particledetector:playlist:0bY9ZSFzf3JpXhqld3clUX,http://open.spotify.com/user/particledetector/playlist/0bY9ZSFzf3JpXhqld3clUX
Kizomba,spotify:user:particledetector:playlist:2ZoITQ2lXjmFl85rVgfcPF,http://open.spotify.com/user/particledetector/playlist/2ZoITQ2lXjmFl85rVgfcPF
Klapa,spotify:user:particledetector:playlist:4SJlLs272QTzNh24uzT2yQ,http://open.spotify.com/user/particledetector/playlist/4SJlLs272QTzNh24uzT2yQ
Klezmer,spotify:user:particledetector:playlist:3w5XFIQZIYLZrcDBWPpGiN,http://open.spotify.com/user/particledetector/playlist/3w5XFIQZIYLZrcDBWPpGiN
Kompa,spotify:user:particledetector:playlist:4cWcvWEDWkg1VXmtKWJ69H,http://open.spotify.com/user/particledetector/playlist/4cWcvWEDWkg1VXmtKWJ69H
Korean Pop,spotify:user:particledetector:playlist:5RwsX3UEX6vMCxBYLZ2TPv,http://open.spotify.com/user/particledetector/playlist/5RwsX3UEX6vMCxBYLZ2TPv
Kraut Rock,spotify:user:particledetector:playlist:06uSHdqq3QVhoPcFv8VNLo,http://open.spotify.com/user/particledetector/playlist/06uSHdqq3QVhoPcFv8VNLo
Kuduro,spotify:user:particledetector:playlist:5dSsfGDd3KCaHOVySHtw0t,http://open.spotify.com/user/particledetector/playlist/5dSsfGDd3KCaHOVySHtw0t
Kwaito,spotify:user:particledetector:playlist:7ubuESejQQoOqmHpH9meml,http://open.spotify.com/user/particledetector/playlist/7ubuESejQQoOqmHpH9meml
Laiko,spotify:user:particledetector:playlist:2s7P22uou8i1QxEB6IP2Vb,http://open.spotify.com/user/particledetector/playlist/2s7P22uou8i1QxEB6IP2Vb
Latin Alternative,spotify:user:particledetector:playlist:0vGa1uFvzt27coUeWOz9VU,http://open.spotify.com/user/particledetector/playlist/0vGa1uFvzt27coUeWOz9VU
Latin Jazz,spotify:user:particledetector:playlist:3j9OUkEQUkI06P3L7GSZRR,http://open.spotify.com/user/particledetector/playlist/3j9OUkEQUkI06P3L7GSZRR
Latin Metal,spotify:user:particledetector:playlist:0Poq70YjMBOQtyVjocRQoi,http://open.spotify.com/user/particledetector/playlist/0Poq70YjMBOQtyVjocRQoi
Latin Pop,spotify:user:particledetector:playlist:4BPIrb66EcLq1UxQIJ9pa3,http://open.spotify.com/user/particledetector/playlist/4BPIrb66EcLq1UxQIJ9pa3
Levenslied,spotify:user:particledetector:playlist:1F5gHMTqBxCdOoBGvH8vVv,http://open.spotify.com/user/particledetector/playlist/1F5gHMTqBxCdOoBGvH8vVv
Liedermacher,spotify:user:particledetector:playlist:6qjSDsysgSU48cYzHrvEL3,http://open.spotify.com/user/particledetector/playlist/6qjSDsysgSU48cYzHrvEL3
Light Music,spotify:user:particledetector:playlist:6haI6b6SIPRRQWJrKlHaJD,http://open.spotify.com/user/particledetector/playlist/6haI6b6SIPRRQWJrKlHaJD
Liquid Funk,spotify:user:particledetector:playlist:19xpwJfP7UrFc5SMnbLq2O,http://open.spotify.com/user/particledetector/playlist/19xpwJfP7UrFc5SMnbLq2O
Lo-Fi,spotify:user:particledetector:playlist:0EGr9nduywnIpLEwzZerwK,http://open.spotify.com/user/particledetector/playlist/0EGr9nduywnIpLEwzZerwK
Lovers Rock,spotify:user:particledetector:playlist:1sNievp1SXj4gKRtQj27cJ,http://open.spotify.com/user/particledetector/playlist/1sNievp1SXj4gKRtQj27cJ
Luk Thung,spotify:user:particledetector:playlist:6MslyOrYueYGlzlUsxJqSP,http://open.spotify.com/user/particledetector/playlist/6MslyOrYueYGlzlUsxJqSP
Madchester,spotify:user:particledetector:playlist:2Dr75rpoKDWa0DCN0NET92,http://open.spotify.com/user/particledetector/playlist/2Dr75rpoKDWa0DCN0NET92
Makossa,spotify:user:particledetector:playlist:4cy2ZK65RIBo6RUS1Wqgl4,http://open.spotify.com/user/particledetector/playlist/4cy2ZK65RIBo6RUS1Wqgl4
Mambo,spotify:user:particledetector:playlist:7oFx9kcnJvEDVCbRLLKZek,http://open.spotify.com/user/particledetector/playlist/7oFx9kcnJvEDVCbRLLKZek
Mandopop,spotify:user:particledetector:playlist:4y1Rld0XJe7IzrHrqaqmc1,http://open.spotify.com/user/particledetector/playlist/4y1Rld0XJe7IzrHrqaqmc1
Manele,spotify:user:particledetector:playlist:2EJ1WJkA0sS3KWaOuebc4F,http://open.spotify.com/user/particledetector/playlist/2EJ1WJkA0sS3KWaOuebc4F
Marching Band,spotify:user:particledetector:playlist:2pxYrRwYizmT64sTEh3T68,http://open.spotify.com/user/particledetector/playlist/2pxYrRwYizmT64sTEh3T68
Mariachi,spotify:user:particledetector:playlist:0qdVYOb42dtSPU2isg0Fbq,http://open.spotify.com/user/particledetector/playlist/0qdVYOb42dtSPU2isg0Fbq
Martial Industrial,spotify:user:particledetector:playlist:5fUX4opgSjgcSXILBpwnQJ,http://open.spotify.com/user/particledetector/playlist/5fUX4opgSjgcSXILBpwnQJ
Mashup,spotify:user:particledetector:playlist:0bjJ1cobTZ4NFevXHJaEEp,http://open.spotify.com/user/particledetector/playlist/0bjJ1cobTZ4NFevXHJaEEp
Math Rock,spotify:user:particledetector:playlist:0YFO5UUUQDdtGnx3l5YjAC,http://open.spotify.com/user/particledetector/playlist/0YFO5UUUQDdtGnx3l5YjAC
Mbalax,spotify:user:particledetector:playlist:1P1FN05JrilkwS1FWhQgN2,http://open.spotify.com/user/particledetector/playlist/1P1FN05JrilkwS1FWhQgN2
Melbourne Bounce,spotify:user:particledetector:playlist:1ekBDTA4sIesjeXANDOuef,http://open.spotify.com/user/particledetector/playlist/1ekBDTA4sIesjeXANDOuef
Mellow Gold,spotify:user:particledetector:playlist:31cLi5FVtUuVX4shLGiK5F,http://open.spotify.com/user/particledetector/playlist/31cLi5FVtUuVX4shLGiK5F
Melodic Death Metal,spotify:user:particledetector:playlist:6c6kCggbDNoDjaSV239ION,http://open.spotify.com/user/particledetector/playlist/6c6kCggbDNoDjaSV239ION
Melodic Hardcore,spotify:user:particledetector:playlist:2IHzRmyN5XZmQpJQQjMEOi,http://open.spotify.com/user/particledetector/playlist/2IHzRmyN5XZmQpJQQjMEOi
Melodic Metalcore,spotify:user:particledetector:playlist:2JpwKJ5h4yJxNBk5eZihsG,http://open.spotify.com/user/particledetector/playlist/2JpwKJ5h4yJxNBk5eZihsG
Memphis Blues,spotify:user:particledetector:playlist:6OP8yHSxcNCuAaDs2DSemp,http://open.spotify.com/user/particledetector/playlist/6OP8yHSxcNCuAaDs2DSemp
Memphis Soul,spotify:user:particledetector:playlist:7Ie0UIBnhcjMCQFDZi4ozR,http://open.spotify.com/user/particledetector/playlist/7Ie0UIBnhcjMCQFDZi4ozR
Merengue,spotify:user:particledetector:playlist:4NkeMljO0pQoCQ6wYfskq2,http://open.spotify.com/user/particledetector/playlist/4NkeMljO0pQoCQ6wYfskq2
Merseybeat,spotify:user:particledetector:playlist:5G4Rb18nKQBTtfT70z97hM,http://open.spotify.com/user/particledetector/playlist/5G4Rb18nKQBTtfT70z97hM
Metalcore,spotify:user:particledetector:playlist:58YaBpPGdDB16khX8QwizF,http://open.spotify.com/user/particledetector/playlist/58YaBpPGdDB16khX8QwizF
Mexican Son,spotify:user:particledetector:playlist:57ZOv33DZv7c4UsWiDXLj5,http://open.spotify.com/user/particledetector/playlist/57ZOv33DZv7c4UsWiDXLj5
Miami Bass,spotify:user:particledetector:playlist:5Bd4pcZj9IJykSp0dRYnnq,http://open.spotify.com/user/particledetector/playlist/5Bd4pcZj9IJykSp0dRYnnq
Microhouse,spotify:user:particledetector:playlist:2zqRUYiDurLm7ax4Rrrs0F,http://open.spotify.com/user/particledetector/playlist/2zqRUYiDurLm7ax4Rrrs0F
Military Band,spotify:user:particledetector:playlist:48LJKU643f2UxWNwz1iMSk,http://open.spotify.com/user/particledetector/playlist/48LJKU643f2UxWNwz1iMSk
Minimal,spotify:user:particledetector:playlist:6DTmrn7nfJ3u8iiNGQlXOG,http://open.spotify.com/user/particledetector/playlist/6DTmrn7nfJ3u8iiNGQlXOG
Minimal Techno,spotify:user:particledetector:playlist:1E4blpCOW91XEAGnwVhrQ5,http://open.spotify.com/user/particledetector/playlist/1E4blpCOW91XEAGnwVhrQ5
Minimal Wave,spotify:user:particledetector:playlist:3ncewEEYXyLbvihzDvFD1I,http://open.spotify.com/user/particledetector/playlist/3ncewEEYXyLbvihzDvFD1I
Mod Revival,spotify:user:particledetector:playlist:7okwEVQb84jfQzJyCfM5Hz,http://open.spotify.com/user/particledetector/playlist/7okwEVQb84jfQzJyCfM5Hz
Moombahton,spotify:user:particledetector:playlist:2lPxrBhnyJZcjcBgAtP7XI,http://open.spotify.com/user/particledetector/playlist/2lPxrBhnyJZcjcBgAtP7XI
Motown,spotify:user:particledetector:playlist:3v1gGx0qhRDkRcLHkLWVjI,http://open.spotify.com/user/particledetector/playlist/3v1gGx0qhRDkRcLHkLWVjI
Musique Concrete,spotify:user:particledetector:playlist:6u2H6xLDuef1LFmVu3xEKb,http://open.spotify.com/user/particledetector/playlist/6u2H6xLDuef1LFmVu3xEKb
NWOBHM,spotify:user:particledetector:playlist:4J2iYmyXFldYqGcQ3MjwDm,http://open.spotify.com/user/particledetector/playlist/4J2iYmyXFldYqGcQ3MjwDm
NWOTHM,spotify:user:particledetector:playlist:33jRQzDhP3HU8fGcuqYiKC,http://open.spotify.com/user/particledetector/playlist/33jRQzDhP3HU8fGcuqYiKC
Nasheed,spotify:user:particledetector:playlist:2an0EDmsx0Puy7sPg1TZPj,http://open.spotify.com/user/particledetector/playlist/2an0EDmsx0Puy7sPg1TZPj
Nashville Sound,spotify:user:particledetector:playlist:7zAWvr1S2EYJNHhwQ3AE0h,http://open.spotify.com/user/particledetector/playlist/7zAWvr1S2EYJNHhwQ3AE0h
Neo Metal,spotify:user:particledetector:playlist:5g7bP0UsAhSmk5rW2Ko1PN,http://open.spotify.com/user/particledetector/playlist/5g7bP0UsAhSmk5rW2Ko1PN
Neo Soul,spotify:user:particledetector:playlist:6n99DeY92RbA0uysk1g5jQ,http://open.spotify.com/user/particledetector/playlist/6n99DeY92RbA0uysk1g5jQ
Neo-Rockabilly,spotify:user:particledetector:playlist:4v0AkV5K9uWqJ7kuezxpMR,http://open.spotify.com/user/particledetector/playlist/4v0AkV5K9uWqJ7kuezxpMR
Neoclassical,spotify:user:particledetector:playlist:4lta1OoDt6dviF7XLjyHVe,http://open.spotify.com/user/particledetector/playlist/4lta1OoDt6dviF7XLjyHVe
Neofolk,spotify:user:particledetector:playlist:5Ll8CrW1dK7stfTzzwWStj,http://open.spotify.com/user/particledetector/playlist/5Ll8CrW1dK7stfTzzwWStj
Nerdcore,spotify:user:particledetector:playlist:46ta7TqES2LoG3OyC0jsjw,http://open.spotify.com/user/particledetector/playlist/46ta7TqES2LoG3OyC0jsjw
Neue Deutsche Harte,spotify:user:particledetector:playlist:03dLvCg7d2iISXU6FEdAOK,http://open.spotify.com/user/particledetector/playlist/03dLvCg7d2iISXU6FEdAOK
Neue Deutsche Welle,spotify:user:particledetector:playlist:7nbTHsWqqXTOsyTgiQApxK,http://open.spotify.com/user/particledetector/playlist/7nbTHsWqqXTOsyTgiQApxK
New Beat,spotify:user:particledetector:playlist:1SiL4Ve5e5VlRkzQAtMB2n,http://open.spotify.com/user/particledetector/playlist/1SiL4Ve5e5VlRkzQAtMB2n
New Jack Swing,spotify:user:particledetector:playlist:0lEoS6qqNZD39uBx0q4pst,http://open.spotify.com/user/particledetector/playlist/0lEoS6qqNZD39uBx0q4pst
New Orleans Blues,spotify:user:particledetector:playlist:1A6wvHWKr5DHYFfOfJ7maf,http://open.spotify.com/user/particledetector/playlist/1A6wvHWKr5DHYFfOfJ7maf
New Orleans Jazz,spotify:user:particledetector:playlist:6aNpVL2xDVFpMtn5k0jP8u,http://open.spotify.com/user/particledetector/playlist/6aNpVL2xDVFpMtn5k0jP8u
New Rave,spotify:user:particledetector:playlist:25qpa5a6K031HsnLQpfgnx,http://open.spotify.com/user/particledetector/playlist/25qpa5a6K031HsnLQpfgnx
New Weird America,spotify:user:particledetector:playlist:79QrNnQUMyunTYnD8dDynv,http://open.spotify.com/user/particledetector/playlist/79QrNnQUMyunTYnD8dDynv
Nintendocore,spotify:user:particledetector:playlist:6QLuC5SdHRZdQuH9f1Co0k,http://open.spotify.com/user/particledetector/playlist/6QLuC5SdHRZdQuH9f1Co0k
No Wave,spotify:user:particledetector:playlist:0v8YQufsP9VZVSHH0pCKUg,http://open.spotify.com/user/particledetector/playlist/0v8YQufsP9VZVSHH0pCKUg
Noise Pop,spotify:user:particledetector:playlist:3SmZsydiErhI09Se16nyOE,http://open.spotify.com/user/particledetector/playlist/3SmZsydiErhI09Se16nyOE
Noise Rock,spotify:user:particledetector:playlist:6DS5RDGXgKnaWXVe8KK05g,http://open.spotify.com/user/particledetector/playlist/6DS5RDGXgKnaWXVe8KK05g
Norteno,spotify:user:particledetector:playlist:3vQBT7hk0yey7LiFLEiqPA,http://open.spotify.com/user/particledetector/playlist/3vQBT7hk0yey7LiFLEiqPA
Northern Soul,spotify:user:particledetector:playlist:0MVQEhperTDvDp3BUO0TvK,http://open.spotify.com/user/particledetector/playlist/0MVQEhperTDvDp3BUO0TvK
Nu Electro,spotify:user:particledetector:playlist:5A6GnMwboin7b2JLEOXsqB,http://open.spotify.com/user/particledetector/playlist/5A6GnMwboin7b2JLEOXsqB
Nu Gaze,spotify:user:particledetector:playlist:1agnf1cYxjB9dt2beOGzno,http://open.spotify.com/user/particledetector/playlist/1agnf1cYxjB9dt2beOGzno
Nu Jazz,spotify:user:particledetector:playlist:7hT3k43MSoLnywwDEF8zTr,http://open.spotify.com/user/particledetector/playlist/7hT3k43MSoLnywwDEF8zTr
Nu Metal,spotify:user:particledetector:playlist:06WUOWdYQt9quBqMXCXQK9,http://open.spotify.com/user/particledetector/playlist/06WUOWdYQt9quBqMXCXQK9
Nueva Cancion,spotify:user:particledetector:playlist:2vUmhvaWg0fpCOEIUz5whL,http://open.spotify.com/user/particledetector/playlist/2vUmhvaWg0fpCOEIUz5whL
Opera,spotify:user:particledetector:playlist:4GYwKxSobY3MoCunOEwDvg,http://open.spotify.com/user/particledetector/playlist/4GYwKxSobY3MoCunOEwDvg
Operatic Pop,spotify:user:particledetector:playlist:13w7YHKi1968fD07ccmsFc,http://open.spotify.com/user/particledetector/playlist/13w7YHKi1968fD07ccmsFc
Orchestral,spotify:user:particledetector:playlist:36sWLYYTQZeCPaOffO7UMV,http://open.spotify.com/user/particledetector/playlist/36sWLYYTQZeCPaOffO7UMV
Orquesta Tipica,spotify:user:particledetector:playlist:2zxeik5pynUtwNYow3Xeka,http://open.spotify.com/user/particledetector/playlist/2zxeik5pynUtwNYow3Xeka
Ostrock,spotify:user:particledetector:playlist:4v9nbHXZkU5AY6Ert7BRFB,http://open.spotify.com/user/particledetector/playlist/4v9nbHXZkU5AY6Ert7BRFB
Outlaw Country,spotify:user:particledetector:playlist:1Ts8DqTqHvdrENVBB4CBPJ,http://open.spotify.com/user/particledetector/playlist/1Ts8DqTqHvdrENVBB4CBPJ
P Funk,spotify:user:particledetector:playlist:2tGAUGcZ8NEuEP9SazaxS0,http://open.spotify.com/user/particledetector/playlist/2tGAUGcZ8NEuEP9SazaxS0
Pagan Black Metal,spotify:user:particledetector:playlist:1Q8bbRwHCPU3TVGzTS9f9L,http://open.spotify.com/user/particledetector/playlist/1Q8bbRwHCPU3TVGzTS9f9L
Pagode,spotify:user:particledetector:playlist:3eyhkhh621fjxPhtAMwBQY,http://open.spotify.com/user/particledetector/playlist/3eyhkhh621fjxPhtAMwBQY
Panpipe,spotify:user:particledetector:playlist:078Y3qRfZrLd6JdZmaHw1t,http://open.spotify.com/user/particledetector/playlist/078Y3qRfZrLd6JdZmaHw1t
Piano Blues,spotify:user:particledetector:playlist:6mupC5Ht58DW5oo0XHZRff,http://open.spotify.com/user/particledetector/playlist/6mupC5Ht58DW5oo0XHZRff
Pipe Band,spotify:user:particledetector:playlist:7hRzK1HJf6P3KnIaluasfJ,http://open.spotify.com/user/particledetector/playlist/7hRzK1HJf6P3KnIaluasfJ
Poetry,spotify:user:particledetector:playlist:1Wez7RJESxxujegRDOwjoj,http://open.spotify.com/user/particledetector/playlist/1Wez7RJESxxujegRDOwjoj
Polka,spotify:user:particledetector:playlist:15nbbw2CVMjgowPSJYbIxN,http://open.spotify.com/user/particledetector/playlist/15nbbw2CVMjgowPSJYbIxN
Polyphony,spotify:user:particledetector:playlist:1V71XucXL1EfghczYEabd4,http://open.spotify.com/user/particledetector/playlist/1V71XucXL1EfghczYEabd4
Pop Punk,spotify:user:particledetector:playlist:6WD6MZVtksYoRrJ8OdZWv9,http://open.spotify.com/user/particledetector/playlist/6WD6MZVtksYoRrJ8OdZWv9
Pop Rap,spotify:user:particledetector:playlist:2yK0S7avadD3cB4i2Y2qVr,http://open.spotify.com/user/particledetector/playlist/2yK0S7avadD3cB4i2Y2qVr
Pop Rock,spotify:user:particledetector:playlist:7jY3Bg3swoKGMHVltqn7Em,http://open.spotify.com/user/particledetector/playlist/7jY3Bg3swoKGMHVltqn7Em
Porro,spotify:user:particledetector:playlist:28NVHV2yer5yilM4X4WNFf,http://open.spotify.com/user/particledetector/playlist/28NVHV2yer5yilM4X4WNFf
Post Rock,spotify:user:particledetector:playlist:5xD7ZAOcVGgoVeLgETrmqk,http://open.spotify.com/user/particledetector/playlist/5xD7ZAOcVGgoVeLgETrmqk
Post-Disco,spotify:user:particledetector:playlist:0s6Kt73WCZO5chJCroOUnO,http://open.spotify.com/user/particledetector/playlist/0s6Kt73WCZO5chJCroOUnO
Post-Grunge,spotify:user:particledetector:playlist:3nFL68kqmeapaXZxcRq1an,http://open.spotify.com/user/particledetector/playlist/3nFL68kqmeapaXZxcRq1an
Post-Hardcore,spotify:user:particledetector:playlist:62SuhKA8KXdwNmQcClanKH,http://open.spotify.com/user/particledetector/playlist/62SuhKA8KXdwNmQcClanKH
Post-Metal,spotify:user:particledetector:playlist:0jDmNSPnzicoUFzW4j01Gj,http://open.spotify.com/user/particledetector/playlist/0jDmNSPnzicoUFzW4j01Gj
Post-Punk,spotify:user:particledetector:playlist:1AWLIohNNwp2lSqBq2fmr2,http://open.spotify.com/user/particledetector/playlist/1AWLIohNNwp2lSqBq2fmr2
Power Noise,spotify:user:particledetector:playlist:4LpBKDl493rdfsBSPZRcZQ,http://open.spotify.com/user/particledetector/playlist/4LpBKDl493rdfsBSPZRcZQ
Power Pop,spotify:user:particledetector:playlist:0LqCMhpijuDjgfBGFOUnSa,http://open.spotify.com/user/particledetector/playlist/0LqCMhpijuDjgfBGFOUnSa
Power Violence,spotify:user:particledetector:playlist:1HUaWiXgdn3SbU1kW0svqr,http://open.spotify.com/user/particledetector/playlist/1HUaWiXgdn3SbU1kW0svqr
Progressive Bluegrass,spotify:user:particledetector:playlist:4mk6gUKAyFJikC8bKsHuzo,http://open.spotify.com/user/particledetector/playlist/4mk6gUKAyFJikC8bKsHuzo
Progressive House,spotify:user:particledetector:playlist:36FRz1sl84pHsRpzAJ7pFU,http://open.spotify.com/user/particledetector/playlist/36FRz1sl84pHsRpzAJ7pFU
Progressive Metal,spotify:user:particledetector:playlist:09Tj8nfK33fOtU9X92zzXS,http://open.spotify.com/user/particledetector/playlist/09Tj8nfK33fOtU9X92zzXS
Progressive Rock,spotify:user:particledetector:playlist:33rY67n0MK3nIef1kYklF2,http://open.spotify.com/user/particledetector/playlist/33rY67n0MK3nIef1kYklF2
Progressive Trance,spotify:user:particledetector:playlist:4xewUOBRLZtLeXWiYDHE4a,http://open.spotify.com/user/particledetector/playlist/4xewUOBRLZtLeXWiYDHE4a
Protopunk,spotify:user:particledetector:playlist:10QM4BgW3tGBHHeZRiFnZT,http://open.spotify.com/user/particledetector/playlist/10QM4BgW3tGBHHeZRiFnZT
Psychedelic Rock,spotify:user:particledetector:playlist:0iNvT4eSYgWegFLrRoJvgN,http://open.spotify.com/user/particledetector/playlist/0iNvT4eSYgWegFLrRoJvgN
Psychedelic Trance,spotify:user:particledetector:playlist:3qfyAOA1zrsgGNCoqSLyxY,http://open.spotify.com/user/particledetector/playlist/3qfyAOA1zrsgGNCoqSLyxY
Psychobilly,spotify:user:particledetector:playlist:3NiBGeyiK1G1SAOYeJbs1p,http://open.spotify.com/user/particledetector/playlist/3NiBGeyiK1G1SAOYeJbs1p
Pub Rock,spotify:user:particledetector:playlist:1GFav475D0c8AzjRo7OVq2,http://open.spotify.com/user/particledetector/playlist/1GFav475D0c8AzjRo7OVq2
Punta,spotify:user:particledetector:playlist:3Cb0Os9HBDYBK3SQXk6Xv8,http://open.spotify.com/user/particledetector/playlist/3Cb0Os9HBDYBK3SQXk6Xv8
Qawwali,spotify:user:particledetector:playlist:3nJSGOaSfFExlCwhRRWcQd,http://open.spotify.com/user/particledetector/playlist/3nJSGOaSfFExlCwhRRWcQd
R&B,spotify:user:particledetector:playlist:71pcJJH5MyytntYCC5QWB4,http://open.spotify.com/user/particledetector/playlist/71pcJJH5MyytntYCC5QWB4
Ragga Jungle,spotify:user:particledetector:playlist:21F7nKkb1VXMI3fov3a8js,http://open.spotify.com/user/particledetector/playlist/21F7nKkb1VXMI3fov3a8js
Ragtime,spotify:user:particledetector:playlist:7CKrIr13gN4WKtyEK34K78,http://open.spotify.com/user/particledetector/playlist/7CKrIr13gN4WKtyEK34K78
Ranchera,spotify:user:particledetector:playlist:19hXwTWnJYm7gyrsnMSZaz,http://open.spotify.com/user/particledetector/playlist/19hXwTWnJYm7gyrsnMSZaz
Rap,spotify:user:particledetector:playlist:55z6cA3OPG7unlm8oZ3SbX,http://open.spotify.com/user/particledetector/playlist/55z6cA3OPG7unlm8oZ3SbX
Rap Metal,spotify:user:particledetector:playlist:1go6wwBAzjJH5Zowc6XHLt,http://open.spotify.com/user/particledetector/playlist/1go6wwBAzjJH5Zowc6XHLt
Rap Rock,spotify:user:particledetector:playlist:71p9udueuHhs8gggcmrPgT,http://open.spotify.com/user/particledetector/playlist/71p9udueuHhs8gggcmrPgT
Rebetiko,spotify:user:particledetector:playlist:3p3vjJdI1ODhbEjG8ZowBJ,http://open.spotify.com/user/particledetector/playlist/3p3vjJdI1ODhbEjG8ZowBJ
Reggae,spotify:user:particledetector:playlist:0gI8ygsbMsiz0oxV1u13C2,http://open.spotify.com/user/particledetector/playlist/0gI8ygsbMsiz0oxV1u13C2
Reggae Fusion,spotify:user:particledetector:playlist:11Z56Zeo3yCxxQA9iZs01Y,http://open.spotify.com/user/particledetector/playlist/11Z56Zeo3yCxxQA9iZs01Y
Reggae Rock,spotify:user:particledetector:playlist:79Ka4ikV9tO5zlk0Hm2rJL,http://open.spotify.com/user/particledetector/playlist/79Ka4ikV9tO5zlk0Hm2rJL
Reggaeton,spotify:user:particledetector:playlist:4F6593gOf0wDMq6MdODMps,http://open.spotify.com/user/particledetector/playlist/4F6593gOf0wDMq6MdODMps
Regional Mexican,spotify:user:particledetector:playlist:2wJ4nAz16xWLJyqxPhqf5v,http://open.spotify.com/user/particledetector/playlist/2wJ4nAz16xWLJyqxPhqf5v
Riddim,spotify:user:particledetector:playlist:3vzSlSI38hx9ywTJJQabhd,http://open.spotify.com/user/particledetector/playlist/3vzSlSI38hx9ywTJJQabhd
Riot Grrrl,spotify:user:particledetector:playlist:7Mq5SqEbdTutZ2c14aDoZq,http://open.spotify.com/user/particledetector/playlist/7Mq5SqEbdTutZ2c14aDoZq
Rock,spotify:user:particledetector:playlist:3u815ErFiRakhFBnYGUa2a,http://open.spotify.com/user/particledetector/playlist/3u815ErFiRakhFBnYGUa2a
Rock Steady,spotify:user:particledetector:playlist:2WvEm965sF5tqfdk4qh498,http://open.spotify.com/user/particledetector/playlist/2WvEm965sF5tqfdk4qh498
Rock en Espa√±ol,spotify:user:particledetector:playlist:0mxidos6OCntwaasVvuD8A,http://open.spotify.com/user/particledetector/playlist/0mxidos6OCntwaasVvuD8A
Rockabilly,spotify:user:particledetector:playlist:0SCcIw0TPNHAgkRrykNbND,http://open.spotify.com/user/particledetector/playlist/0SCcIw0TPNHAgkRrykNbND
Roots Reggae,spotify:user:particledetector:playlist:1YkGUq25c91bzhA6XFFFa9,http://open.spotify.com/user/particledetector/playlist/1YkGUq25c91bzhA6XFFFa9
Roots Rock,spotify:user:particledetector:playlist:0UDVjaE6yOEZi9yvr5CRQV,http://open.spotify.com/user/particledetector/playlist/0UDVjaE6yOEZi9yvr5CRQV
Rumba,spotify:user:particledetector:playlist:6xTJcmwhLWodeRkas1DvZW,http://open.spotify.com/user/particledetector/playlist/6xTJcmwhLWodeRkas1DvZW
Russel√•ter,spotify:user:particledetector:playlist:0XWaTmKSyaY19GmYoYjttu,http://open.spotify.com/user/particledetector/playlist/0XWaTmKSyaY19GmYoYjttu
Russian Rock,spotify:user:particledetector:playlist:7Hn3CGtGtPLYCuHjqItmD6,http://open.spotify.com/user/particledetector/playlist/7Hn3CGtGtPLYCuHjqItmD6
Salsa,spotify:user:particledetector:playlist:6VzySrA2aSOPu7nuCeGwv3,http://open.spotify.com/user/particledetector/playlist/6VzySrA2aSOPu7nuCeGwv3
Samba,spotify:user:particledetector:playlist:4bms91WyguCn9JrqlvkifK,http://open.spotify.com/user/particledetector/playlist/4bms91WyguCn9JrqlvkifK
Schlager,spotify:user:particledetector:playlist:1TPKoVy88p2vrz364Uzv4M,http://open.spotify.com/user/particledetector/playlist/1TPKoVy88p2vrz364Uzv4M
Screamo,spotify:user:particledetector:playlist:1tWoKUAxdgV48wOFWQB6PG,http://open.spotify.com/user/particledetector/playlist/1tWoKUAxdgV48wOFWQB6PG
Screamocore,spotify:user:particledetector:playlist:4mMbfaC64COUyQuhKU2wvX,http://open.spotify.com/user/particledetector/playlist/4mMbfaC64COUyQuhKU2wvX
Semba,spotify:user:particledetector:playlist:264qlKhuLaGyZZuBiz45Rc,http://open.spotify.com/user/particledetector/playlist/264qlKhuLaGyZZuBiz45Rc
Serialism,spotify:user:particledetector:playlist:4HZPHm3mo9xespQ9cGz7sG,http://open.spotify.com/user/particledetector/playlist/4HZPHm3mo9xespQ9cGz7sG
Sertanejo,spotify:user:particledetector:playlist:4XKCiUs8eXwTtivKMnDuNc,http://open.spotify.com/user/particledetector/playlist/4XKCiUs8eXwTtivKMnDuNc
Shibuya-Kei,spotify:user:particledetector:playlist:7dUUs2eXehFuxXz7LDd8vQ,http://open.spotify.com/user/particledetector/playlist/7dUUs2eXehFuxXz7LDd8vQ
Shoegaze,spotify:user:particledetector:playlist:39RIweOka7M0fSetvjMGlI,http://open.spotify.com/user/particledetector/playlist/39RIweOka7M0fSetvjMGlI
Singer-Songwriter,spotify:user:particledetector:playlist:7LwTBQlBMiIFn8frgrdQSo,http://open.spotify.com/user/particledetector/playlist/7LwTBQlBMiIFn8frgrdQSo
Ska,spotify:user:particledetector:playlist:7J4Xg4pqERDonHfibOxR7t,http://open.spotify.com/user/particledetector/playlist/7J4Xg4pqERDonHfibOxR7t
Ska Punk,spotify:user:particledetector:playlist:3k3IRGbzhIltNdbscYj2hj,http://open.spotify.com/user/particledetector/playlist/3k3IRGbzhIltNdbscYj2hj
Skiffle,spotify:user:particledetector:playlist:6cAIFR40DuhKktpwhnJvPQ,http://open.spotify.com/user/particledetector/playlist/6cAIFR40DuhKktpwhnJvPQ
Skweee,spotify:user:particledetector:playlist:3v5ibd2nFaaU5L1eXOmcEK,http://open.spotify.com/user/particledetector/playlist/3v5ibd2nFaaU5L1eXOmcEK
Sleaze Rock,spotify:user:particledetector:playlist:1XEDmDERZp1hzW9Eha6TNj,http://open.spotify.com/user/particledetector/playlist/1XEDmDERZp1hzW9Eha6TNj
Sludge Metal,spotify:user:particledetector:playlist:6603odoLkfDLXIsOVUGkGF,http://open.spotify.com/user/particledetector/playlist/6603odoLkfDLXIsOVUGkGF
Smooth Jazz,spotify:user:particledetector:playlist:40vjPrsGfNFL5zmtIQK7P3,http://open.spotify.com/user/particledetector/playlist/40vjPrsGfNFL5zmtIQK7P3
Soft Rock,spotify:user:particledetector:playlist:2xV9GcnSWW4D3BLUZxQFIX,http://open.spotify.com/user/particledetector/playlist/2xV9GcnSWW4D3BLUZxQFIX
Soukous,spotify:user:particledetector:playlist:5JPd7knLz5mUm9iVQdqfBT,http://open.spotify.com/user/particledetector/playlist/5JPd7knLz5mUm9iVQdqfBT
Soul Blues,spotify:user:particledetector:playlist:6jir3yW1z3gOTM0DgPEsiA,http://open.spotify.com/user/particledetector/playlist/6jir3yW1z3gOTM0DgPEsiA
Soul Jazz,spotify:user:particledetector:playlist:1GxWeAEBGzh0WfHatuLDkq,http://open.spotify.com/user/particledetector/playlist/1GxWeAEBGzh0WfHatuLDkq
Soundtrack,spotify:user:particledetector:playlist:7BEXkLCt6WlSH3FDWqJ2l4,http://open.spotify.com/user/particledetector/playlist/7BEXkLCt6WlSH3FDWqJ2l4
Southern Gospel,spotify:user:particledetector:playlist:3fNJpbSVgnxjnnV1y0AkCZ,http://open.spotify.com/user/particledetector/playlist/3fNJpbSVgnxjnnV1y0AkCZ
Southern Hip Hop,spotify:user:particledetector:playlist:1R9ZWpQGzC6kOqRZA4h7kr,http://open.spotify.com/user/particledetector/playlist/1R9ZWpQGzC6kOqRZA4h7kr
Southern Rock,spotify:user:particledetector:playlist:1s21mmNphbG3pqBjxw8r8O,http://open.spotify.com/user/particledetector/playlist/1s21mmNphbG3pqBjxw8r8O
Southern Soul,spotify:user:particledetector:playlist:1rg9widddkocZnKpR80EpX,http://open.spotify.com/user/particledetector/playlist/1rg9widddkocZnKpR80EpX
Space Rock,spotify:user:particledetector:playlist:12eDnBTpt0HoH2KrXG5Fso,http://open.spotify.com/user/particledetector/playlist/12eDnBTpt0HoH2KrXG5Fso
Spanish Reggae,spotify:user:particledetector:playlist:4V32QZPpBJH2h5d03agdjI,http://open.spotify.com/user/particledetector/playlist/4V32QZPpBJH2h5d03agdjI
Speed Garage,spotify:user:particledetector:playlist:68STfftMilZuQ7Gj1pOYPR,http://open.spotify.com/user/particledetector/playlist/68STfftMilZuQ7Gj1pOYPR
Speed Metal,spotify:user:particledetector:playlist:76iTShuUvi4o6YLwPslYde,http://open.spotify.com/user/particledetector/playlist/76iTShuUvi4o6YLwPslYde
Speedcore,spotify:user:particledetector:playlist:7rbIJchY7B3mRNMKljcyLD,http://open.spotify.com/user/particledetector/playlist/7rbIJchY7B3mRNMKljcyLD
Spoken Word,spotify:user:particledetector:playlist:4GE9Qfn5obLf7bB5Qw2C7E,http://open.spotify.com/user/particledetector/playlist/4GE9Qfn5obLf7bB5Qw2C7E
Steelpan,spotify:user:particledetector:playlist:1lKZRvkaawGHGW6rAu4neO,http://open.spotify.com/user/particledetector/playlist/1lKZRvkaawGHGW6rAu4neO
Stoner Metal,spotify:user:particledetector:playlist:2c63CSigk0wTmLn3WDCvy7,http://open.spotify.com/user/particledetector/playlist/2c63CSigk0wTmLn3WDCvy7
Stoner Rock,spotify:user:particledetector:playlist:7zFzWx3lQ7jr1s9NUaS6DJ,http://open.spotify.com/user/particledetector/playlist/7zFzWx3lQ7jr1s9NUaS6DJ
Street Punk,spotify:user:particledetector:playlist:3MHwANmr4U7YsV3nrbuDQS,http://open.spotify.com/user/particledetector/playlist/3MHwANmr4U7YsV3nrbuDQS
String Band,spotify:user:particledetector:playlist:19VpIp1jGkHilsEErCkC2l,http://open.spotify.com/user/particledetector/playlist/19VpIp1jGkHilsEErCkC2l
String Quartet,spotify:user:particledetector:playlist:6fYB3TqDa7vFO7njsghm4u,http://open.spotify.com/user/particledetector/playlist/6fYB3TqDa7vFO7njsghm4u
Sunset Lounge,spotify:user:particledetector:playlist:5NudVoownBPB64CnidK6B7,http://open.spotify.com/user/particledetector/playlist/5NudVoownBPB64CnidK6B7
Swamp Blues,spotify:user:particledetector:playlist:5V0GEB4klKsvpF1qCPYGVw,http://open.spotify.com/user/particledetector/playlist/5V0GEB4klKsvpF1qCPYGVw
Swamp Pop,spotify:user:particledetector:playlist:0ht7TTEwPMoVJwx7qpyy4k,http://open.spotify.com/user/particledetector/playlist/0ht7TTEwPMoVJwx7qpyy4k
Symphonic Black Metal,spotify:user:particledetector:playlist:5pqpFDAOZCYEVnrVGpCwJT,http://open.spotify.com/user/particledetector/playlist/5pqpFDAOZCYEVnrVGpCwJT
Symphonic Metal,spotify:user:particledetector:playlist:7KniMmJUbuUCiUsAm5uzXn,http://open.spotify.com/user/particledetector/playlist/7KniMmJUbuUCiUsAm5uzXn
Symphonic Rock,spotify:user:particledetector:playlist:0nRIE1HXGg7IKS7AlRfRzx,http://open.spotify.com/user/particledetector/playlist/0nRIE1HXGg7IKS7AlRfRzx
Synthpop,spotify:user:particledetector:playlist:468NqtFA3KXV0XyvLz3BAo,http://open.spotify.com/user/particledetector/playlist/468NqtFA3KXV0XyvLz3BAo
Tech House,spotify:user:particledetector:playlist:3v2e6zl4vnVc509VosXBl2,http://open.spotify.com/user/particledetector/playlist/3v2e6zl4vnVc509VosXBl2
Technical Death Metal,spotify:user:particledetector:playlist:3UJ4uI6385Ly2bRiU3vzum,http://open.spotify.com/user/particledetector/playlist/3UJ4uI6385Ly2bRiU3vzum
Techno,spotify:user:particledetector:playlist:23FDhpL5LjqYrY4ihfI3sl,http://open.spotify.com/user/particledetector/playlist/23FDhpL5LjqYrY4ihfI3sl
Teen Pop,spotify:user:particledetector:playlist:7Mq70I6noaU3IicTjQhD2m,http://open.spotify.com/user/particledetector/playlist/7Mq70I6noaU3IicTjQhD2m
Tekno,spotify:user:particledetector:playlist:2JxIuubd8qQK0hOBX9N0Jj,http://open.spotify.com/user/particledetector/playlist/2JxIuubd8qQK0hOBX9N0Jj
Texas Blues,spotify:user:particledetector:playlist:7qol4L1NMys0702PSs1Xdq,http://open.spotify.com/user/particledetector/playlist/7qol4L1NMys0702PSs1Xdq
Texas Country,spotify:user:particledetector:playlist:0pmwjl0ijKMz3GMM5xCg2d,http://open.spotify.com/user/particledetector/playlist/0pmwjl0ijKMz3GMM5xCg2d
Theme,spotify:user:particledetector:playlist:6cJ9sjZZGuEybpl9hATbyA,http://open.spotify.com/user/particledetector/playlist/6cJ9sjZZGuEybpl9hATbyA
Thrash Metal,spotify:user:particledetector:playlist:2d3XzMbXns0IDUAxhscGST,http://open.spotify.com/user/particledetector/playlist/2d3XzMbXns0IDUAxhscGST
Throat Singing,spotify:user:particledetector:playlist:3DPxA6PEDK5vhHm5s3hJtK,http://open.spotify.com/user/particledetector/playlist/3DPxA6PEDK5vhHm5s3hJtK
Timba,spotify:user:particledetector:playlist:4eTqJztpnsT2bhWbCIOWXA,http://open.spotify.com/user/particledetector/playlist/4eTqJztpnsT2bhWbCIOWXA
Tin Pan Alley,spotify:user:particledetector:playlist:7wM5GphATp0hxxb8SxuZJj,http://open.spotify.com/user/particledetector/playlist/7wM5GphATp0hxxb8SxuZJj
Trap Music,spotify:user:particledetector:playlist:6SljdLWsxieR7gu0wXN96g,http://open.spotify.com/user/particledetector/playlist/6SljdLWsxieR7gu0wXN96g
Tribal House,spotify:user:particledetector:playlist:6pf2bnuoZPdq6kkknBBU7j,http://open.spotify.com/user/particledetector/playlist/6pf2bnuoZPdq6kkknBBU7j
Trip Hop,spotify:user:particledetector:playlist:4Shfw6GieZBQ4SE56JdtlB,http://open.spotify.com/user/particledetector/playlist/4Shfw6GieZBQ4SE56JdtlB
Trova,spotify:user:particledetector:playlist:0IcrzK7M4eH0xTcezoKEjC,http://open.spotify.com/user/particledetector/playlist/0IcrzK7M4eH0xTcezoKEjC
Turbo Folk,spotify:user:particledetector:playlist:41zBULAwnIEzUKBDVWG705,http://open.spotify.com/user/particledetector/playlist/41zBULAwnIEzUKBDVWG705
Turntablism,spotify:user:particledetector:playlist:68DxR8rQs5dwu5f8EVswQQ,http://open.spotify.com/user/particledetector/playlist/68DxR8rQs5dwu5f8EVswQQ
UK Funky,spotify:user:particledetector:playlist:1gpE3uE0QlW5Y29VPbZOHy,http://open.spotify.com/user/particledetector/playlist/1gpE3uE0QlW5Y29VPbZOHy
UK Garage,spotify:user:particledetector:playlist:6IFHIsLl7M7TztHR3qMb17,http://open.spotify.com/user/particledetector/playlist/6IFHIsLl7M7TztHR3qMb17
UK Hip Hop,spotify:user:particledetector:playlist:7l9g24XB8DcjsN0vMMmesj,http://open.spotify.com/user/particledetector/playlist/7l9g24XB8DcjsN0vMMmesj
Ukulele,spotify:user:particledetector:playlist:29iea8Sh1XG2V0rHVEcb3C,http://open.spotify.com/user/particledetector/playlist/29iea8Sh1XG2V0rHVEcb3C
Unblack Metal,spotify:user:particledetector:playlist:5vvJ5YkP0roa52Nfp4hw0p,http://open.spotify.com/user/particledetector/playlist/5vvJ5YkP0roa52Nfp4hw0p
Underground Hip Hop,spotify:user:particledetector:playlist:0acrklgDf7dFY9OoGeZ7F7,http://open.spotify.com/user/particledetector/playlist/0acrklgDf7dFY9OoGeZ7F7
Underground Rap,spotify:user:particledetector:playlist:002nyUngQfQ6C9eRw5DQYP,http://open.spotify.com/user/particledetector/playlist/002nyUngQfQ6C9eRw5DQYP
Uplifting Trance,spotify:user:particledetector:playlist:6xH3vUFwvee7s0csyv6E2p,http://open.spotify.com/user/particledetector/playlist/6xH3vUFwvee7s0csyv6E2p
Urban Contemporary,spotify:user:particledetector:playlist:55p7TfDPwgvGEHvYeulvhg,http://open.spotify.com/user/particledetector/playlist/55p7TfDPwgvGEHvYeulvhg
Vallenato,spotify:user:particledetector:playlist:2zDtBx5WNx40ES585dJiOj,http://open.spotify.com/user/particledetector/playlist/2zDtBx5WNx40ES585dJiOj
Vaporwave,spotify:user:particledetector:playlist:1dttGKId4FXDYQGVP4T0UQ,http://open.spotify.com/user/particledetector/playlist/1dttGKId4FXDYQGVP4T0UQ
Video Game Music,spotify:user:particledetector:playlist:5h8imSaIGiCfGr5b6luQEB,http://open.spotify.com/user/particledetector/playlist/5h8imSaIGiCfGr5b6luQEB
Vietnamese Pop,spotify:user:particledetector:playlist:6ckvk7d95qygLmCIPYY8iS,http://open.spotify.com/user/particledetector/playlist/6ckvk7d95qygLmCIPYY8iS
Viking Metal,spotify:user:particledetector:playlist:6NqEJjfagRDzgL23cUkZbT,http://open.spotify.com/user/particledetector/playlist/6NqEJjfagRDzgL23cUkZbT
Villancicos,spotify:user:particledetector:playlist:3rJMdM3nbiOT7svN1nBrnj,http://open.spotify.com/user/particledetector/playlist/3rJMdM3nbiOT7svN1nBrnj
Visual Kei,spotify:user:particledetector:playlist:3YSotIT6YsfSmG71WTLlf6,http://open.spotify.com/user/particledetector/playlist/3YSotIT6YsfSmG71WTLlf6
Vocal House,spotify:user:particledetector:playlist:42N06XAFfk5TlfAnL7P3Yr,http://open.spotify.com/user/particledetector/playlist/42N06XAFfk5TlfAnL7P3Yr
Vocal Jazz,spotify:user:particledetector:playlist:69q4CsgRntbIg5WWdOn0DK,http://open.spotify.com/user/particledetector/playlist/69q4CsgRntbIg5WWdOn0DK
Vocaloid,spotify:user:particledetector:playlist:6Ez9cAhFwPUOPgCLdxt2sQ,http://open.spotify.com/user/particledetector/playlist/6Ez9cAhFwPUOPgCLdxt2sQ
Volksmusik,spotify:user:particledetector:playlist:6qnQzirfev25rLUsmwJYAe,http://open.spotify.com/user/particledetector/playlist/6qnQzirfev25rLUsmwJYAe
West Coast Rap,spotify:user:particledetector:playlist:3cvwFogxMVO8XqaPqNBVu1,http://open.spotify.com/user/particledetector/playlist/3cvwFogxMVO8XqaPqNBVu1
Western Swing,spotify:user:particledetector:playlist:1iUvNRJGcw36AHckAxiRwq,http://open.spotify.com/user/particledetector/playlist/1iUvNRJGcw36AHckAxiRwq
Wonky,spotify:user:particledetector:playlist:23mIZOd03vr0dr45ZRIc3U,http://open.spotify.com/user/particledetector/playlist/23mIZOd03vr0dr45ZRIc3U
World Fusion,spotify:user:particledetector:playlist:6sTHecjm3EA4AEbMVEtQcg,http://open.spotify.com/user/particledetector/playlist/6sTHecjm3EA4AEbMVEtQcg
Wrock,spotify:user:particledetector:playlist:4pndqIkhFeKdkwdmEUoDN8,http://open.spotify.com/user/particledetector/playlist/4pndqIkhFeKdkwdmEUoDN8
Yoik,spotify:user:particledetector:playlist:3BUJ3Cki67B0Ie3npVpiMV,http://open.spotify.com/user/particledetector/playlist/3BUJ3Cki67B0Ie3npVpiMV
Yugoslav Rock,spotify:user:particledetector:playlist:3NRqXFKe4rY1fEEbX01kKt,http://open.spotify.com/user/particledetector/playlist/3NRqXFKe4rY1fEEbX01kKt
Zeuhl,spotify:user:particledetector:playlist:5sc0zJyYQn5ZS5U57uSnrF,http://open.spotify.com/user/particledetector/playlist/5sc0zJyYQn5ZS5U57uSnrF
Zouglou,spotify:user:particledetector:playlist:1CYBaeISwXShTdVDWcFGcy,http://open.spotify.com/user/particledetector/playlist/1CYBaeISwXShTdVDWcFGcy
Zouk,spotify:user:particledetector:playlist:2vLRmflO4amJkZB4lRVMSv,http://open.spotify.com/user/particledetector/playlist/2vLRmflO4amJkZB4lRVMSv
Zydeco,spotify:user:particledetector:playlist:4Bwa4ju96NQmXOQMw3gPVN,http://open.spotify.com/user/particledetector/playlist/4Bwa4ju96NQmXOQMw3gPVN
