city,spotify_link,spotify_web_link
's-hertogenbosch NL,spotify:user:thesoundsofspotify:playlist:05hbk3TBRfEne3xCIiI15m,http://open.spotify.com/user/thesoundsofspotify/playlist/05hbk3TBRfEne3xCIiI15m
A Coruña ES,spotify:user:thesoundsofspotify:playlist:07FayhdVKT6UFmbQbuEywo,http://open.spotify.com/user/thesoundsofspotify/playlist/07FayhdVKT6UFmbQbuEywo
"APO Armed Forces Europe, Middle East, & Canada US",spotify:user:thesoundsofspotify:playlist:1kefW5zq9DbxjoUkkNBC30,http://open.spotify.com/user/thesoundsofspotify/playlist/1kefW5zq9DbxjoUkkNBC30
Aabenraa DK,spotify:user:thesoundsofspotify:playlist:6u7jfhRUNy54RbaGbfBotm,http://open.spotify.com/user/thesoundsofspotify/playlist/6u7jfhRUNy54RbaGbfBotm
Aabybro DK,spotify:user:thesoundsofspotify:playlist:00ogS46HmKPEHbdP7aop2h,http://open.spotify.com/user/thesoundsofspotify/playlist/00ogS46HmKPEHbdP7aop2h
Aachen DE,spotify:user:thesoundsofspotify:playlist:6BQO4yWoBUici1nAyUIK7a,http://open.spotify.com/user/thesoundsofspotify/playlist/6BQO4yWoBUici1nAyUIK7a
Aalen DE,spotify:user:thesoundsofspotify:playlist:5KJhou6kfdF4iFvpTR7e0f,http://open.spotify.com/user/thesoundsofspotify/playlist/5KJhou6kfdF4iFvpTR7e0f
Aalesund NO,spotify:user:thesoundsofspotify:playlist:3lX6oSWynH4J7G8UDe0Dlk,http://open.spotify.com/user/thesoundsofspotify/playlist/3lX6oSWynH4J7G8UDe0Dlk
Aalsmeer NL,spotify:user:thesoundsofspotify:playlist:7n92EAqUJ96K6iq4NoqA5t,http://open.spotify.com/user/thesoundsofspotify/playlist/7n92EAqUJ96K6iq4NoqA5t
Aarhus DK,spotify:user:thesoundsofspotify:playlist:5nASmEIS7vipRpLSrCuJKG,http://open.spotify.com/user/thesoundsofspotify/playlist/5nASmEIS7vipRpLSrCuJKG
Aars DK,spotify:user:thesoundsofspotify:playlist:7EtbKBZiVnCXnWHhNIwntw,http://open.spotify.com/user/thesoundsofspotify/playlist/7EtbKBZiVnCXnWHhNIwntw
Abbots Langley GB,spotify:user:thesoundsofspotify:playlist:5JAY9uWx5zpzrktVPIAShK,http://open.spotify.com/user/thesoundsofspotify/playlist/5JAY9uWx5zpzrktVPIAShK
Aberdeen GB,spotify:user:thesoundsofspotify:playlist:2Ok5dlgzR19tJb9sDmXCkT,http://open.spotify.com/user/thesoundsofspotify/playlist/2Ok5dlgzR19tJb9sDmXCkT
Absecon New Jersey US,spotify:user:thesoundsofspotify:playlist:5fKCktG4QJdTee67laO9ZP,http://open.spotify.com/user/thesoundsofspotify/playlist/5fKCktG4QJdTee67laO9ZP
Acapulco MX,spotify:user:thesoundsofspotify:playlist:0Hlj5HhUzQm9wwElcUU8mC,http://open.spotify.com/user/thesoundsofspotify/playlist/0Hlj5HhUzQm9wwElcUU8mC
Acworth Georgia US,spotify:user:thesoundsofspotify:playlist:2cdMdolPAc9rDAo293Q5ic,http://open.spotify.com/user/thesoundsofspotify/playlist/2cdMdolPAc9rDAo293Q5ic
Adana TR,spotify:user:thesoundsofspotify:playlist:3E597lyXSrUR3c6nLIV0hK,http://open.spotify.com/user/thesoundsofspotify/playlist/3E597lyXSrUR3c6nLIV0hK
Addition Hills PH,spotify:user:thesoundsofspotify:playlist:3vX36v1RbhydPhKInmqUey,http://open.spotify.com/user/thesoundsofspotify/playlist/3vX36v1RbhydPhKInmqUey
Adelaide AU,spotify:user:thesoundsofspotify:playlist:6qYDvlWIe0UPPTnzxvQasD,http://open.spotify.com/user/thesoundsofspotify/playlist/6qYDvlWIe0UPPTnzxvQasD
Adrian Michigan US,spotify:user:thesoundsofspotify:playlist:0pBb2Wf22JwpoO40653BVe,http://open.spotify.com/user/thesoundsofspotify/playlist/0pBb2Wf22JwpoO40653BVe
Aguascalientes MX,spotify:user:thesoundsofspotify:playlist:71k2M7dWQYLqmcUFapcpO1,http://open.spotify.com/user/thesoundsofspotify/playlist/71k2M7dWQYLqmcUFapcpO1
Aix-en-provence FR,spotify:user:thesoundsofspotify:playlist:64yTkHbqeIpDeVIOqvOk86,http://open.spotify.com/user/thesoundsofspotify/playlist/64yTkHbqeIpDeVIOqvOk86
Akron Ohio US,spotify:user:thesoundsofspotify:playlist:5ANXMnncu0Y6RgWNCZCx5p,http://open.spotify.com/user/thesoundsofspotify/playlist/5ANXMnncu0Y6RgWNCZCx5p
Akureyri IS,spotify:user:thesoundsofspotify:playlist:3U37JJiOad0DFV7OmcsBAv,http://open.spotify.com/user/thesoundsofspotify/playlist/3U37JJiOad0DFV7OmcsBAv
Alajuela CR,spotify:user:thesoundsofspotify:playlist:0JYMXyt72QOtK2mQRYCbcr,http://open.spotify.com/user/thesoundsofspotify/playlist/0JYMXyt72QOtK2mQRYCbcr
Alameda California US,spotify:user:thesoundsofspotify:playlist:4zwJWEl8haSDod3WtHfiEr,http://open.spotify.com/user/thesoundsofspotify/playlist/4zwJWEl8haSDod3WtHfiEr
Albacete ES,spotify:user:thesoundsofspotify:playlist:77XILvbgVa5rgvyulBbeDY,http://open.spotify.com/user/thesoundsofspotify/playlist/77XILvbgVa5rgvyulBbeDY
Albemarle North Carolina US,spotify:user:thesoundsofspotify:playlist:1O9fKwDSIhjGAWSrDALv2Z,http://open.spotify.com/user/thesoundsofspotify/playlist/1O9fKwDSIhjGAWSrDALv2Z
Albertslund DK,spotify:user:thesoundsofspotify:playlist:6BgJoQwtSY1jlzFQN7ZRuz,http://open.spotify.com/user/thesoundsofspotify/playlist/6BgJoQwtSY1jlzFQN7ZRuz
Albstadt DE,spotify:user:thesoundsofspotify:playlist:1NXEvZ1vJdVLlVKcMol2te,http://open.spotify.com/user/thesoundsofspotify/playlist/1NXEvZ1vJdVLlVKcMol2te
Albuquerque New Mexico US,spotify:user:thesoundsofspotify:playlist:7m4LG5LciiTZFaOpFQrhd2,http://open.spotify.com/user/thesoundsofspotify/playlist/7m4LG5LciiTZFaOpFQrhd2
Alcalá De Guadaira ES,spotify:user:thesoundsofspotify:playlist:61OY1nXBUjMDJnJACtCFB2,http://open.spotify.com/user/thesoundsofspotify/playlist/61OY1nXBUjMDJnJACtCFB2
Alcalá De Henares ES,spotify:user:thesoundsofspotify:playlist:0NMoDZNn6ODtax2GPbEOsS,http://open.spotify.com/user/thesoundsofspotify/playlist/0NMoDZNn6ODtax2GPbEOsS
Alcorcón ES,spotify:user:thesoundsofspotify:playlist:46nrA3Q0pdd9BFEQ8JlU40,http://open.spotify.com/user/thesoundsofspotify/playlist/46nrA3Q0pdd9BFEQ8JlU40
Alexandria Virginia US,spotify:user:thesoundsofspotify:playlist:6okdkvP0J4LID0HV92R6qV,http://open.spotify.com/user/thesoundsofspotify/playlist/6okdkvP0J4LID0HV92R6qV
Ames Iowa US,spotify:user:thesoundsofspotify:playlist:32fZQu37D5rbAgyeeIKBOL,http://open.spotify.com/user/thesoundsofspotify/playlist/32fZQu37D5rbAgyeeIKBOL
Amherst Massachusetts US,spotify:user:thesoundsofspotify:playlist:2GdazlXne00bRk0VAbziod,http://open.spotify.com/user/thesoundsofspotify/playlist/2GdazlXne00bRk0VAbziod
Amiens FR,spotify:user:thesoundsofspotify:playlist:16Oj1wSXIW2phgGjwcN4aK,http://open.spotify.com/user/thesoundsofspotify/playlist/16Oj1wSXIW2phgGjwcN4aK
Amparo BR,spotify:user:thesoundsofspotify:playlist:2HDYDxtR96kzpJHFgzG3rf,http://open.spotify.com/user/thesoundsofspotify/playlist/2HDYDxtR96kzpJHFgzG3rf
Amstelveen NL,spotify:user:thesoundsofspotify:playlist:3VSXFhZH8bUZzbdeC0665z,http://open.spotify.com/user/thesoundsofspotify/playlist/3VSXFhZH8bUZzbdeC0665z
Amsterdam NL,spotify:user:thesoundsofspotify:playlist:2ifz20E9OmNq4bwiM4Ljwu,http://open.spotify.com/user/thesoundsofspotify/playlist/2ifz20E9OmNq4bwiM4Ljwu
Anaheim California US,spotify:user:thesoundsofspotify:playlist:6tcsGQ5K2gaQUC0J5yuFJb,http://open.spotify.com/user/thesoundsofspotify/playlist/6tcsGQ5K2gaQUC0J5yuFJb
Anchorage Alaska US,spotify:user:thesoundsofspotify:playlist:0JVQy18o8hYsaWJMIHruCl,http://open.spotify.com/user/thesoundsofspotify/playlist/0JVQy18o8hYsaWJMIHruCl
Ancona IT,spotify:user:thesoundsofspotify:playlist:634weBTotAnHCrCq0ozIZP,http://open.spotify.com/user/thesoundsofspotify/playlist/634weBTotAnHCrCq0ozIZP
Angeles City PH,spotify:user:thesoundsofspotify:playlist:6xLVfgMGr2OWcxADUXQCV4,http://open.spotify.com/user/thesoundsofspotify/playlist/6xLVfgMGr2OWcxADUXQCV4
Angered SE,spotify:user:thesoundsofspotify:playlist:2Ol40I4tJEF6VyGaZ8jx3z,http://open.spotify.com/user/thesoundsofspotify/playlist/2Ol40I4tJEF6VyGaZ8jx3z
Angers FR,spotify:user:thesoundsofspotify:playlist:3aiJHMNhSOiGUI9TD2OXJ8,http://open.spotify.com/user/thesoundsofspotify/playlist/3aiJHMNhSOiGUI9TD2OXJ8
Ankara TR,spotify:user:thesoundsofspotify:playlist:0LJ8oJVOGfD6ttyXAI2bqY,http://open.spotify.com/user/thesoundsofspotify/playlist/0LJ8oJVOGfD6ttyXAI2bqY
Ann Arbor Michigan US,spotify:user:thesoundsofspotify:playlist:2lJ39UXqkmjf88Pb0jb3YM,http://open.spotify.com/user/thesoundsofspotify/playlist/2lJ39UXqkmjf88Pb0jb3YM
Annerley AU,spotify:user:thesoundsofspotify:playlist:1nCl3Wef1P3Z0jrCUbflPr,http://open.spotify.com/user/thesoundsofspotify/playlist/1nCl3Wef1P3Z0jrCUbflPr
Antalya TR,spotify:user:thesoundsofspotify:playlist:1UX1A7A979wCH6Oo4r5jYE,http://open.spotify.com/user/thesoundsofspotify/playlist/1UX1A7A979wCH6Oo4r5jYE
Antioch California US,spotify:user:thesoundsofspotify:playlist:41zyEkmlsBTahgd1yBLfxR,http://open.spotify.com/user/thesoundsofspotify/playlist/41zyEkmlsBTahgd1yBLfxR
Antioch Tennessee US,spotify:user:thesoundsofspotify:playlist:6yaFEFPMxtBH72L9vMezCk,http://open.spotify.com/user/thesoundsofspotify/playlist/6yaFEFPMxtBH72L9vMezCk
Antipolo PH,spotify:user:thesoundsofspotify:playlist:2oT4y4znLfE2TN2IoQkwXX,http://open.spotify.com/user/thesoundsofspotify/playlist/2oT4y4znLfE2TN2IoQkwXX
Antofagasta CL,spotify:user:thesoundsofspotify:playlist:5a5ammj00jGOPoanizBD40,http://open.spotify.com/user/thesoundsofspotify/playlist/5a5ammj00jGOPoanizBD40
Antony FR,spotify:user:thesoundsofspotify:playlist:1EMdmIApRGZAlHXa0ZcWBA,http://open.spotify.com/user/thesoundsofspotify/playlist/1EMdmIApRGZAlHXa0ZcWBA
Antwerpen BE,spotify:user:thesoundsofspotify:playlist:6cnCH6Y8P7qNtjv77Hnsmn,http://open.spotify.com/user/thesoundsofspotify/playlist/6cnCH6Y8P7qNtjv77Hnsmn
Anápolis BR,spotify:user:thesoundsofspotify:playlist:7a3uAMNfqkqz1S13EIkMd4,http://open.spotify.com/user/thesoundsofspotify/playlist/7a3uAMNfqkqz1S13EIkMd4
Apalit PH,spotify:user:thesoundsofspotify:playlist:7oIFW7dLog6yqMG53Sqh1V,http://open.spotify.com/user/thesoundsofspotify/playlist/7oIFW7dLog6yqMG53Sqh1V
Apeldoorn NL,spotify:user:thesoundsofspotify:playlist:7nhuxMtJZHgGmlfh45jXUH,http://open.spotify.com/user/thesoundsofspotify/playlist/7nhuxMtJZHgGmlfh45jXUH
Apizaco MX,spotify:user:thesoundsofspotify:playlist:3tQl0RjeGO11P394nUUthA,http://open.spotify.com/user/thesoundsofspotify/playlist/3tQl0RjeGO11P394nUUthA
Aplaya PH,spotify:user:thesoundsofspotify:playlist:11g1Dvm5KvmCF0UWhlZItV,http://open.spotify.com/user/thesoundsofspotify/playlist/11g1Dvm5KvmCF0UWhlZItV
Apodaca MX,spotify:user:thesoundsofspotify:playlist:50KN2U7JV7RpwwiOhKUm9g,http://open.spotify.com/user/thesoundsofspotify/playlist/50KN2U7JV7RpwwiOhKUm9g
Apolonio Samson PH,spotify:user:thesoundsofspotify:playlist:2jC2QRbte2mled7gV5AH3g,http://open.spotify.com/user/thesoundsofspotify/playlist/2jC2QRbte2mled7gV5AH3g
Apopka Florida US,spotify:user:thesoundsofspotify:playlist:5Ks0SLLiIw6VqoIUWOdOIj,http://open.spotify.com/user/thesoundsofspotify/playlist/5Ks0SLLiIw6VqoIUWOdOIj
Aracaju BR,spotify:user:thesoundsofspotify:playlist:5ngQac05vn8kHLmnEuFXwK,http://open.spotify.com/user/thesoundsofspotify/playlist/5ngQac05vn8kHLmnEuFXwK
Araraquara BR,spotify:user:thesoundsofspotify:playlist:0HIVGpdTcUmnKvttZhgykn,http://open.spotify.com/user/thesoundsofspotify/playlist/0HIVGpdTcUmnKvttZhgykn
Araçatuba BR,spotify:user:thesoundsofspotify:playlist:1ZVK5KAq9rrOgVbGdBQDZG,http://open.spotify.com/user/thesoundsofspotify/playlist/1ZVK5KAq9rrOgVbGdBQDZG
Arcadia California US,spotify:user:thesoundsofspotify:playlist:3Mni9eJgyXEs1DVLRNNb0Y,http://open.spotify.com/user/thesoundsofspotify/playlist/3Mni9eJgyXEs1DVLRNNb0Y
Arendal NO,spotify:user:thesoundsofspotify:playlist:5ny12izds3oEh7BLrh08x4,http://open.spotify.com/user/thesoundsofspotify/playlist/5ny12izds3oEh7BLrh08x4
Arequipa PE,spotify:user:thesoundsofspotify:playlist:7qq6udmWZCMEx0ZG2PZ4n4,http://open.spotify.com/user/thesoundsofspotify/playlist/7qq6udmWZCMEx0ZG2PZ4n4
Argenteuil FR,spotify:user:thesoundsofspotify:playlist:7f2TwW7z81KkBOVayHmmxk,http://open.spotify.com/user/thesoundsofspotify/playlist/7f2TwW7z81KkBOVayHmmxk
Argentina,spotify:user:thesoundsofspotify:playlist:6fv5nMucCr4JLbanpHmVA5,http://open.spotify.com/user/thesoundsofspotify/playlist/6fv5nMucCr4JLbanpHmVA5
Arlington Texas US,spotify:user:thesoundsofspotify:playlist:5Zn1jXmigFBWu1Q2mx6uoR,http://open.spotify.com/user/thesoundsofspotify/playlist/5Zn1jXmigFBWu1Q2mx6uoR
Arlington Virginia US,spotify:user:thesoundsofspotify:playlist:2MWz5oZb9MkRnfpZ0I90dH,http://open.spotify.com/user/thesoundsofspotify/playlist/2MWz5oZb9MkRnfpZ0I90dH
Arnhem NL,spotify:user:thesoundsofspotify:playlist:3ZovvG8JEKOuH2uctezYIh,http://open.spotify.com/user/thesoundsofspotify/playlist/3ZovvG8JEKOuH2uctezYIh
Arvika SE,spotify:user:thesoundsofspotify:playlist:2agoHS7BNVf5SeBZ7RkISy,http://open.spotify.com/user/thesoundsofspotify/playlist/2agoHS7BNVf5SeBZ7RkISy
Ashburn Virginia US,spotify:user:thesoundsofspotify:playlist:0pJ0gzAeVY7qtPja6rtRYp,http://open.spotify.com/user/thesoundsofspotify/playlist/0pJ0gzAeVY7qtPja6rtRYp
Ashburton AU,spotify:user:thesoundsofspotify:playlist:62eErfPeZs2on0RRU6hSvz,http://open.spotify.com/user/thesoundsofspotify/playlist/62eErfPeZs2on0RRU6hSvz
Asheboro North Carolina US,spotify:user:thesoundsofspotify:playlist:4X7TIMIPmvBFhIlMaaVOIB,http://open.spotify.com/user/thesoundsofspotify/playlist/4X7TIMIPmvBFhIlMaaVOIB
Ashfield AU,spotify:user:thesoundsofspotify:playlist:07LZhCUymrzuaQmHOyiIMl,http://open.spotify.com/user/thesoundsofspotify/playlist/07LZhCUymrzuaQmHOyiIMl
Ashford Connecticut US,spotify:user:thesoundsofspotify:playlist:3jNYMgrVwxcgJIRy5ion7e,http://open.spotify.com/user/thesoundsofspotify/playlist/3jNYMgrVwxcgJIRy5ion7e
Ashford GB,spotify:user:thesoundsofspotify:playlist:7AWTH3CQGOisy0rEQSC9Ss,http://open.spotify.com/user/thesoundsofspotify/playlist/7AWTH3CQGOisy0rEQSC9Ss
Ashgrove AU,spotify:user:thesoundsofspotify:playlist:2tQvntMnISEs2SjdQa0dBc,http://open.spotify.com/user/thesoundsofspotify/playlist/2tQvntMnISEs2SjdQa0dBc
Ashland Massachusetts US,spotify:user:thesoundsofspotify:playlist:7tllJj6LJukowExPuuxzsB,http://open.spotify.com/user/thesoundsofspotify/playlist/7tllJj6LJukowExPuuxzsB
Asker NO,spotify:user:thesoundsofspotify:playlist:6WzKjhAA3tyWWhZtSoCZx2,http://open.spotify.com/user/thesoundsofspotify/playlist/6WzKjhAA3tyWWhZtSoCZx2
Askim NO,spotify:user:thesoundsofspotify:playlist:7dEeqpzEPezz5ljRa89me7,http://open.spotify.com/user/thesoundsofspotify/playlist/7dEeqpzEPezz5ljRa89me7
Asnières FR,spotify:user:thesoundsofspotify:playlist:04QElkwtv3DLDQwM84cHp0,http://open.spotify.com/user/thesoundsofspotify/playlist/04QElkwtv3DLDQwM84cHp0
Assen NL,spotify:user:thesoundsofspotify:playlist:3r4C990zGHdh8683yxswnv,http://open.spotify.com/user/thesoundsofspotify/playlist/3r4C990zGHdh8683yxswnv
Astoria New York US,spotify:user:thesoundsofspotify:playlist:3onFOa88f7BJ0ywJyZqfFp,http://open.spotify.com/user/thesoundsofspotify/playlist/3onFOa88f7BJ0ywJyZqfFp
Asunción PY,spotify:user:thesoundsofspotify:playlist:3xmfSqWgb430012s8G9MAW,http://open.spotify.com/user/thesoundsofspotify/playlist/3xmfSqWgb430012s8G9MAW
Athens GR,spotify:user:thesoundsofspotify:playlist:5gKQaR6TBlOrCozTNHQq0C,http://open.spotify.com/user/thesoundsofspotify/playlist/5gKQaR6TBlOrCozTNHQq0C
Athens Georgia US,spotify:user:thesoundsofspotify:playlist:01ui9d26LVcJKA5MKxcYGI,http://open.spotify.com/user/thesoundsofspotify/playlist/01ui9d26LVcJKA5MKxcYGI
Atlanta Georgia US,spotify:user:thesoundsofspotify:playlist:2t6uU8AELDRclkCaw1vydr,http://open.spotify.com/user/thesoundsofspotify/playlist/2t6uU8AELDRclkCaw1vydr
Aubervilliers FR,spotify:user:thesoundsofspotify:playlist:5iXsBOPwYWdBuPsHQhb2t2,http://open.spotify.com/user/thesoundsofspotify/playlist/5iXsBOPwYWdBuPsHQhb2t2
Auburn AU,spotify:user:thesoundsofspotify:playlist:0ty1T2kBWs6yy0oKcgB07V,http://open.spotify.com/user/thesoundsofspotify/playlist/0ty1T2kBWs6yy0oKcgB07V
Auburn Alabama US,spotify:user:thesoundsofspotify:playlist:77xwsnr5py3i3hpBZrPc88,http://open.spotify.com/user/thesoundsofspotify/playlist/77xwsnr5py3i3hpBZrPc88
Auckland NZ,spotify:user:thesoundsofspotify:playlist:4HHBdiDnaNOE4O5mM0Xqlu,http://open.spotify.com/user/thesoundsofspotify/playlist/4HHBdiDnaNOE4O5mM0Xqlu
Augsburg DE,spotify:user:thesoundsofspotify:playlist:5odcM6V7pLPDiDGFT0VYqC,http://open.spotify.com/user/thesoundsofspotify/playlist/5odcM6V7pLPDiDGFT0VYqC
Aulnay-sous-bois FR,spotify:user:thesoundsofspotify:playlist:31jMi6dDd8OskWEE2cLhu0,http://open.spotify.com/user/thesoundsofspotify/playlist/31jMi6dDd8OskWEE2cLhu0
Aurich DE,spotify:user:thesoundsofspotify:playlist:62uVZnEj0TbwpQfmVBSYqa,http://open.spotify.com/user/thesoundsofspotify/playlist/62uVZnEj0TbwpQfmVBSYqa
Aurora Colorado US,spotify:user:thesoundsofspotify:playlist:75Q55GDCiy0T0LqavrX7UY,http://open.spotify.com/user/thesoundsofspotify/playlist/75Q55GDCiy0T0LqavrX7UY
Aurora Illinois US,spotify:user:thesoundsofspotify:playlist:58sPy6kh2FtANRiHcZ3tlA,http://open.spotify.com/user/thesoundsofspotify/playlist/58sPy6kh2FtANRiHcZ3tlA
Austin Texas US,spotify:user:thesoundsofspotify:playlist:3gz7G6lax8nkXZ3vBr3n4i,http://open.spotify.com/user/thesoundsofspotify/playlist/3gz7G6lax8nkXZ3vBr3n4i
Australia,spotify:user:thesoundsofspotify:playlist:2XVNjIYqXmzPbneYemRrix,http://open.spotify.com/user/thesoundsofspotify/playlist/2XVNjIYqXmzPbneYemRrix
Austria,spotify:user:thesoundsofspotify:playlist:0gCqClabjS49E3IvPxJmXe,http://open.spotify.com/user/thesoundsofspotify/playlist/0gCqClabjS49E3IvPxJmXe
Aveiro PT,spotify:user:thesoundsofspotify:playlist:3lj2pEevHn6D61CTKX91Cx,http://open.spotify.com/user/thesoundsofspotify/playlist/3lj2pEevHn6D61CTKX91Cx
Avesta SE,spotify:user:thesoundsofspotify:playlist:69UP7hiRCD4eB0gbA2dGET,http://open.spotify.com/user/thesoundsofspotify/playlist/69UP7hiRCD4eB0gbA2dGET
Aydin TR,spotify:user:thesoundsofspotify:playlist:2fd0WSklpHwxjDl9Vzjq2r,http://open.spotify.com/user/thesoundsofspotify/playlist/2fd0WSklpHwxjDl9Vzjq2r
Bacoor PH,spotify:user:thesoundsofspotify:playlist:148qTDLEhw8Ryn23grlOVB,http://open.spotify.com/user/thesoundsofspotify/playlist/148qTDLEhw8Ryn23grlOVB
Badajoz ES,spotify:user:thesoundsofspotify:playlist:3mwlNZQeeCg1PkB5qZiNwx,http://open.spotify.com/user/thesoundsofspotify/playlist/3mwlNZQeeCg1PkB5qZiNwx
Badalona ES,spotify:user:thesoundsofspotify:playlist:28dT4RBucxxtjedBF4sxMe,http://open.spotify.com/user/thesoundsofspotify/playlist/28dT4RBucxxtjedBF4sxMe
Bagnolet FR,spotify:user:thesoundsofspotify:playlist:08RR4xl3g9Nmv3QmiAXcgN,http://open.spotify.com/user/thesoundsofspotify/playlist/08RR4xl3g9Nmv3QmiAXcgN
Bagong Ilog PH,spotify:user:thesoundsofspotify:playlist:30f9u694UXY5VB2kz5GHIn,http://open.spotify.com/user/thesoundsofspotify/playlist/30f9u694UXY5VB2kz5GHIn
Bagong Kalsada PH,spotify:user:thesoundsofspotify:playlist:24lHFZEBgrKQDI5VeBDNsr,http://open.spotify.com/user/thesoundsofspotify/playlist/24lHFZEBgrKQDI5VeBDNsr
Bagong Silang PH,spotify:user:thesoundsofspotify:playlist:4SE1WIIWGKZkmjK8dMXpW4,http://open.spotify.com/user/thesoundsofspotify/playlist/4SE1WIIWGKZkmjK8dMXpW4
Bagong Tanyag PH,spotify:user:thesoundsofspotify:playlist:6eH05biVVA1ugfRjT6gkBc,http://open.spotify.com/user/thesoundsofspotify/playlist/6eH05biVVA1ugfRjT6gkBc
Bagsværd DK,spotify:user:thesoundsofspotify:playlist:7kVtnwqmXkrvuT5HrNKbsu,http://open.spotify.com/user/thesoundsofspotify/playlist/7kVtnwqmXkrvuT5HrNKbsu
Baguio City PH,spotify:user:thesoundsofspotify:playlist:74SNLFJXT1ADUVRJC4GCsK,http://open.spotify.com/user/thesoundsofspotify/playlist/74SNLFJXT1ADUVRJC4GCsK
Bahia Blanca AR,spotify:user:thesoundsofspotify:playlist:1u8bkPfh13Se0ZU9RVWAIB,http://open.spotify.com/user/thesoundsofspotify/playlist/1u8bkPfh13Se0ZU9RVWAIB
Bakersfield California US,spotify:user:thesoundsofspotify:playlist:4yAdCZuEBd97qGqIkveY3x,http://open.spotify.com/user/thesoundsofspotify/playlist/4yAdCZuEBd97qGqIkveY3x
Balaclava AU,spotify:user:thesoundsofspotify:playlist:2efhnq1ocQOXSoClb8f3OV,http://open.spotify.com/user/thesoundsofspotify/playlist/2efhnq1ocQOXSoClb8f3OV
Baldwin Park California US,spotify:user:thesoundsofspotify:playlist:3G0bnBiVnxhyRVURpEskIc,http://open.spotify.com/user/thesoundsofspotify/playlist/3G0bnBiVnxhyRVURpEskIc
Balikesir TR,spotify:user:thesoundsofspotify:playlist:0BdkDh0KLLnkTYhaJBQstg,http://open.spotify.com/user/thesoundsofspotify/playlist/0BdkDh0KLLnkTYhaJBQstg
Balite PH,spotify:user:thesoundsofspotify:playlist:6YMO4d99LIg5reunvboLov,http://open.spotify.com/user/thesoundsofspotify/playlist/6YMO4d99LIg5reunvboLov
Ballerup DK,spotify:user:thesoundsofspotify:playlist:0k6qqjXngpfNhALTg0vCLs,http://open.spotify.com/user/thesoundsofspotify/playlist/0k6qqjXngpfNhALTg0vCLs
Baltimore Maryland US,spotify:user:thesoundsofspotify:playlist:4tViTq1oyO0k4d4EUjhEXA,http://open.spotify.com/user/thesoundsofspotify/playlist/4tViTq1oyO0k4d4EUjhEXA
Bandar MY,spotify:user:thesoundsofspotify:playlist:1b4YCniUVbZBqo3AmNlu0T,http://open.spotify.com/user/thesoundsofspotify/playlist/1b4YCniUVbZBqo3AmNlu0T
Bandung ID,spotify:user:thesoundsofspotify:playlist:0ZkiPCLFBYoPUEKvy5jVE9,http://open.spotify.com/user/thesoundsofspotify/playlist/0ZkiPCLFBYoPUEKvy5jVE9
Banfield AR,spotify:user:thesoundsofspotify:playlist:0hypjjPMNxnlPVweUP9a3o,http://open.spotify.com/user/thesoundsofspotify/playlist/0hypjjPMNxnlPVweUP9a3o
Bangkok TH,spotify:user:thesoundsofspotify:playlist:3YIvuZgWEk5QHhaHVE3D84,http://open.spotify.com/user/thesoundsofspotify/playlist/3YIvuZgWEk5QHhaHVE3D84
Bankstown AU,spotify:user:thesoundsofspotify:playlist:5HCH3QfbobD78t9VEKYqER,http://open.spotify.com/user/thesoundsofspotify/playlist/5HCH3QfbobD78t9VEKYqER
Barcelona ES,spotify:user:thesoundsofspotify:playlist:1BUqSJKAJHR3pyx1tuOKDf,http://open.spotify.com/user/thesoundsofspotify/playlist/1BUqSJKAJHR3pyx1tuOKDf
Barceloneta ES,spotify:user:thesoundsofspotify:playlist:4gzrrHOTFOtjupZbchOOmv,http://open.spotify.com/user/thesoundsofspotify/playlist/4gzrrHOTFOtjupZbchOOmv
Barendrecht NL,spotify:user:thesoundsofspotify:playlist:6hGAdBguijeHuOpu066ziz,http://open.spotify.com/user/thesoundsofspotify/playlist/6hGAdBguijeHuOpu066ziz
Bari IT,spotify:user:thesoundsofspotify:playlist:720ki4n5DzdW3BygKOcGqo,http://open.spotify.com/user/thesoundsofspotify/playlist/720ki4n5DzdW3BygKOcGqo
Barnet GB,spotify:user:thesoundsofspotify:playlist:4OiIAP4J1lyrL4rQkUERcU,http://open.spotify.com/user/thesoundsofspotify/playlist/4OiIAP4J1lyrL4rQkUERcU
Barnsley GB,spotify:user:thesoundsofspotify:playlist:3XXKzHCAWoFHWuuhYGsk7Z,http://open.spotify.com/user/thesoundsofspotify/playlist/3XXKzHCAWoFHWuuhYGsk7Z
Barranquilla CO,spotify:user:thesoundsofspotify:playlist:0VsCfGpdH85U5Za1B5JzvV,http://open.spotify.com/user/thesoundsofspotify/playlist/0VsCfGpdH85U5Za1B5JzvV
Barrie CA,spotify:user:thesoundsofspotify:playlist:2eE9YMaIJufSaFOus09t6v,http://open.spotify.com/user/thesoundsofspotify/playlist/2eE9YMaIJufSaFOus09t6v
Barueri BR,spotify:user:thesoundsofspotify:playlist:2xElMZFQ4cnC4YabAfNBVV,http://open.spotify.com/user/thesoundsofspotify/playlist/2xElMZFQ4cnC4YabAfNBVV
Basildon GB,spotify:user:thesoundsofspotify:playlist:60BZQ19PAycKtsqFUBVlSr,http://open.spotify.com/user/thesoundsofspotify/playlist/60BZQ19PAycKtsqFUBVlSr
Basingstoke GB,spotify:user:thesoundsofspotify:playlist:4wxBC8Mnq1J3rHMKF8PYoq,http://open.spotify.com/user/thesoundsofspotify/playlist/4wxBC8Mnq1J3rHMKF8PYoq
Bass Hill AU,spotify:user:thesoundsofspotify:playlist:0eOekPRSBfvbZxCzuRY7iG,http://open.spotify.com/user/thesoundsofspotify/playlist/0eOekPRSBfvbZxCzuRY7iG
Batangas PH,spotify:user:thesoundsofspotify:playlist:5DbZrrXx6nAmhI0RmiawcA,http://open.spotify.com/user/thesoundsofspotify/playlist/5DbZrrXx6nAmhI0RmiawcA
Bath GB,spotify:user:thesoundsofspotify:playlist:0AfiiV2gfo1jIByH9IWD93,http://open.spotify.com/user/thesoundsofspotify/playlist/0AfiiV2gfo1jIByH9IWD93
Baton Rouge Louisiana US,spotify:user:thesoundsofspotify:playlist:03OmKCbJIISMDLx0Zlm1KJ,http://open.spotify.com/user/thesoundsofspotify/playlist/03OmKCbJIISMDLx0Zlm1KJ
Baulkham Hills AU,spotify:user:thesoundsofspotify:playlist:2avprRfOykP1zBhjPbdvX6,http://open.spotify.com/user/thesoundsofspotify/playlist/2avprRfOykP1zBhjPbdvX6
Bauru BR,spotify:user:thesoundsofspotify:playlist:29A40zQmi5iAn0fJoAmybe,http://open.spotify.com/user/thesoundsofspotify/playlist/29A40zQmi5iAn0fJoAmybe
Bayamon Puerto Rico US,spotify:user:thesoundsofspotify:playlist:6zd1N8OcNDhyvis27bULO1,http://open.spotify.com/user/thesoundsofspotify/playlist/6zd1N8OcNDhyvis27bULO1
Bayreuth DE,spotify:user:thesoundsofspotify:playlist:1Ma054l4ZAfuTFRMLwz7T4,http://open.spotify.com/user/thesoundsofspotify/playlist/1Ma054l4ZAfuTFRMLwz7T4
Bedford AU,spotify:user:thesoundsofspotify:playlist:4vEvUUIH0cbH7Y5xLyA5ei,http://open.spotify.com/user/thesoundsofspotify/playlist/4vEvUUIH0cbH7Y5xLyA5ei
Bedford GB,spotify:user:thesoundsofspotify:playlist:7gOdK8CQlkmjCwAyPJckap,http://open.spotify.com/user/thesoundsofspotify/playlist/7gOdK8CQlkmjCwAyPJckap
Bekasi ID,spotify:user:thesoundsofspotify:playlist:0w7DgqeA5SPMrU8ffPy9rx,http://open.spotify.com/user/thesoundsofspotify/playlist/0w7DgqeA5SPMrU8ffPy9rx
Belfast GB,spotify:user:thesoundsofspotify:playlist:1iGwxsiJjerUq07pYSR4bN,http://open.spotify.com/user/thesoundsofspotify/playlist/1iGwxsiJjerUq07pYSR4bN
Belford Roxo BR,spotify:user:thesoundsofspotify:playlist:4NU3Xd5VvH0W1ayrU3L89x,http://open.spotify.com/user/thesoundsofspotify/playlist/4NU3Xd5VvH0W1ayrU3L89x
Belgium,spotify:user:thesoundsofspotify:playlist:3WY9ZhUBxQXjI9ipQbR6kL,http://open.spotify.com/user/thesoundsofspotify/playlist/3WY9ZhUBxQXjI9ipQbR6kL
Bell California US,spotify:user:thesoundsofspotify:playlist:1HYZEA7pXMKbAVAOj2NjlE,http://open.spotify.com/user/thesoundsofspotify/playlist/1HYZEA7pXMKbAVAOj2NjlE
Bellevue Washington US,spotify:user:thesoundsofspotify:playlist:66Y20SfRGZsjBdyWHu3A9e,http://open.spotify.com/user/thesoundsofspotify/playlist/66Y20SfRGZsjBdyWHu3A9e
Bellflower California US,spotify:user:thesoundsofspotify:playlist:6YhG97mhBzgV7Z2eMQtXYm,http://open.spotify.com/user/thesoundsofspotify/playlist/6YhG97mhBzgV7Z2eMQtXYm
Bellmawr New Jersey US,spotify:user:thesoundsofspotify:playlist:239jgyVnHfsPPPlBouVFoL,http://open.spotify.com/user/thesoundsofspotify/playlist/239jgyVnHfsPPPlBouVFoL
Belo Horizonte BR,spotify:user:thesoundsofspotify:playlist:6S2q3IyYouIW4luqohbCuG,http://open.spotify.com/user/thesoundsofspotify/playlist/6S2q3IyYouIW4luqohbCuG
Beltsville Maryland US,spotify:user:thesoundsofspotify:playlist:2XLiKiFhaJFy3B1RsPBt3H,http://open.spotify.com/user/thesoundsofspotify/playlist/2XLiKiFhaJFy3B1RsPBt3H
Belém BR,spotify:user:thesoundsofspotify:playlist:7lmo9jOcf5BaDRcVHmEWgr,http://open.spotify.com/user/thesoundsofspotify/playlist/7lmo9jOcf5BaDRcVHmEWgr
Benidorm ES,spotify:user:thesoundsofspotify:playlist:6OzJj7j0DjEO50gcDA9uA8,http://open.spotify.com/user/thesoundsofspotify/playlist/6OzJj7j0DjEO50gcDA9uA8
Bentleigh AU,spotify:user:thesoundsofspotify:playlist:2xYnNoaZqh1RY0P1InVS30,http://open.spotify.com/user/thesoundsofspotify/playlist/2xYnNoaZqh1RY0P1InVS30
Berazategui AR,spotify:user:thesoundsofspotify:playlist:4UFdPNAhqFNLIJPF6SK5hB,http://open.spotify.com/user/thesoundsofspotify/playlist/4UFdPNAhqFNLIJPF6SK5hB
Bergamo IT,spotify:user:thesoundsofspotify:playlist:4aG73wxWM9KKhs7uyRqwV5,http://open.spotify.com/user/thesoundsofspotify/playlist/4aG73wxWM9KKhs7uyRqwV5
Bergen NO,spotify:user:thesoundsofspotify:playlist:3gLQu45nHTRnQJHVpIDe3F,http://open.spotify.com/user/thesoundsofspotify/playlist/3gLQu45nHTRnQJHVpIDe3F
Bergen Op Zoom NL,spotify:user:thesoundsofspotify:playlist:1BpIOY8SY7pXqFFdYyMpPt,http://open.spotify.com/user/thesoundsofspotify/playlist/1BpIOY8SY7pXqFFdYyMpPt
Berger NO,spotify:user:thesoundsofspotify:playlist:6qAhDoMO2L9taOrxA9oTcw,http://open.spotify.com/user/thesoundsofspotify/playlist/6qAhDoMO2L9taOrxA9oTcw
Bergisch Gladbach DE,spotify:user:thesoundsofspotify:playlist:4Wf3usuwvDTXpPJRky4shq,http://open.spotify.com/user/thesoundsofspotify/playlist/4Wf3usuwvDTXpPJRky4shq
Bergkamen DE,spotify:user:thesoundsofspotify:playlist:7CusHV6RPQbNQIOWCptGH1,http://open.spotify.com/user/thesoundsofspotify/playlist/7CusHV6RPQbNQIOWCptGH1
Berkeley California US,spotify:user:thesoundsofspotify:playlist:7dl5glscAo3Bn7bs1u1NDW,http://open.spotify.com/user/thesoundsofspotify/playlist/7dl5glscAo3Bn7bs1u1NDW
Berlin DE,spotify:user:thesoundsofspotify:playlist:7BRS5IzacmVtRjGH1JYwM6,http://open.spotify.com/user/thesoundsofspotify/playlist/7BRS5IzacmVtRjGH1JYwM6
Besançon FR,spotify:user:thesoundsofspotify:playlist:4cEw7eyWnOY91JFzzA0HwV,http://open.spotify.com/user/thesoundsofspotify/playlist/4cEw7eyWnOY91JFzzA0HwV
Bethesda Maryland US,spotify:user:thesoundsofspotify:playlist:1V6jhZpvIbc7YSveh9q8vl,http://open.spotify.com/user/thesoundsofspotify/playlist/1V6jhZpvIbc7YSveh9q8vl
Betim BR,spotify:user:thesoundsofspotify:playlist:5iUu48zUyBudwGZfNJO2c2,http://open.spotify.com/user/thesoundsofspotify/playlist/5iUu48zUyBudwGZfNJO2c2
Beverly Hills AU,spotify:user:thesoundsofspotify:playlist:1HLbCcpbFU3P3itG9u1Zcx,http://open.spotify.com/user/thesoundsofspotify/playlist/1HLbCcpbFU3P3itG9u1Zcx
Bielefeld DE,spotify:user:thesoundsofspotify:playlist:54BVAxU1LimFQcvZjNCB8n,http://open.spotify.com/user/thesoundsofspotify/playlist/54BVAxU1LimFQcvZjNCB8n
Bilbao ES,spotify:user:thesoundsofspotify:playlist:2s3EIcFEp1e8dDMOQm9pjd,http://open.spotify.com/user/thesoundsofspotify/playlist/2s3EIcFEp1e8dDMOQm9pjd
Billesholm SE,spotify:user:thesoundsofspotify:playlist:0U7MYUdwkrAysfhRAnxgaK,http://open.spotify.com/user/thesoundsofspotify/playlist/0U7MYUdwkrAysfhRAnxgaK
Billings Montana US,spotify:user:thesoundsofspotify:playlist:5fSr8IPCqKwbYz7wNFgIZV,http://open.spotify.com/user/thesoundsofspotify/playlist/5fSr8IPCqKwbYz7wNFgIZV
Bilthoven NL,spotify:user:thesoundsofspotify:playlist:6nAwu1fMVHVUYQVhO3jXZm,http://open.spotify.com/user/thesoundsofspotify/playlist/6nAwu1fMVHVUYQVhO3jXZm
Binangonan PH,spotify:user:thesoundsofspotify:playlist:3ZOgve8LPgDZtVjjpnKqYa,http://open.spotify.com/user/thesoundsofspotify/playlist/3ZOgve8LPgDZtVjjpnKqYa
Binondo PH,spotify:user:thesoundsofspotify:playlist:1m0oeBgVo3vJC59HcEn6NM,http://open.spotify.com/user/thesoundsofspotify/playlist/1m0oeBgVo3vJC59HcEn6NM
Birkerød DK,spotify:user:thesoundsofspotify:playlist:26Q6TtgAHVxQBcNIc1KlwN,http://open.spotify.com/user/thesoundsofspotify/playlist/26Q6TtgAHVxQBcNIc1KlwN
Birmingham Alabama US,spotify:user:thesoundsofspotify:playlist:2WYhlc3Qyaln5OO9swIbFJ,http://open.spotify.com/user/thesoundsofspotify/playlist/2WYhlc3Qyaln5OO9swIbFJ
Birmingham GB,spotify:user:thesoundsofspotify:playlist:7iuxc8eO0zz0r1j2nh6eaC,http://open.spotify.com/user/thesoundsofspotify/playlist/7iuxc8eO0zz0r1j2nh6eaC
Birmingham Michigan US,spotify:user:thesoundsofspotify:playlist:7x7Oq0MdFVQm1b7TBM2vm4,http://open.spotify.com/user/thesoundsofspotify/playlist/7x7Oq0MdFVQm1b7TBM2vm4
Biñan PH,spotify:user:thesoundsofspotify:playlist:7yC2rES3Sw2srUyyjk9bJV,http://open.spotify.com/user/thesoundsofspotify/playlist/7yC2rES3Sw2srUyyjk9bJV
Blackburn GB,spotify:user:thesoundsofspotify:playlist:1glDLZmiRwtmN7BPwfePIv,http://open.spotify.com/user/thesoundsofspotify/playlist/1glDLZmiRwtmN7BPwfePIv
Blackpool GB,spotify:user:thesoundsofspotify:playlist:2CcGq5BX0uPRhEV1YyTDzU,http://open.spotify.com/user/thesoundsofspotify/playlist/2CcGq5BX0uPRhEV1YyTDzU
Blacksburg Virginia US,spotify:user:thesoundsofspotify:playlist:5LtmmzVFDWtJWSFdPDodSm,http://open.spotify.com/user/thesoundsofspotify/playlist/5LtmmzVFDWtJWSFdPDodSm
Blacktown AU,spotify:user:thesoundsofspotify:playlist:5f4nREOzD1VL6ZlsGKtRMm,http://open.spotify.com/user/thesoundsofspotify/playlist/5f4nREOzD1VL6ZlsGKtRMm
Bloomington Indiana US,spotify:user:thesoundsofspotify:playlist:7vzgjns0oRDLCxpSi3Z6vU,http://open.spotify.com/user/thesoundsofspotify/playlist/7vzgjns0oRDLCxpSi3Z6vU
Blumenau BR,spotify:user:thesoundsofspotify:playlist:4PwicxM4xftXvoSj7vZYD2,http://open.spotify.com/user/thesoundsofspotify/playlist/4PwicxM4xftXvoSj7vZYD2
Boa Vista BR,spotify:user:thesoundsofspotify:playlist:6Mo6mwKjW5d2xKhtSlNFdj,http://open.spotify.com/user/thesoundsofspotify/playlist/6Mo6mwKjW5d2xKhtSlNFdj
Boardman Oregon US,spotify:user:thesoundsofspotify:playlist:5LfzWrBso7iiC7sSH5jK3T,http://open.spotify.com/user/thesoundsofspotify/playlist/5LfzWrBso7iiC7sSH5jK3T
Boca Raton Florida US,spotify:user:thesoundsofspotify:playlist:6TYxawDzGC7LqAQla5JbBU,http://open.spotify.com/user/thesoundsofspotify/playlist/6TYxawDzGC7LqAQla5JbBU
Bochum DE,spotify:user:thesoundsofspotify:playlist:27yUnnBKnQAof5pagyknv7,http://open.spotify.com/user/thesoundsofspotify/playlist/27yUnnBKnQAof5pagyknv7
Boden SE,spotify:user:thesoundsofspotify:playlist:1Re4uVzNSo3csVDfeHbS7c,http://open.spotify.com/user/thesoundsofspotify/playlist/1Re4uVzNSo3csVDfeHbS7c
Bodø NO,spotify:user:thesoundsofspotify:playlist:5LAKKg3q0cc5fREpQMwb79,http://open.spotify.com/user/thesoundsofspotify/playlist/5LAKKg3q0cc5fREpQMwb79
Bogotá CO,spotify:user:thesoundsofspotify:playlist:2L6Zlre9b3JlMg9mYDZVtw,http://open.spotify.com/user/thesoundsofspotify/playlist/2L6Zlre9b3JlMg9mYDZVtw
Boise Idaho US,spotify:user:thesoundsofspotify:playlist:5bEVG5atW9TxNIZzoYb5g3,http://open.spotify.com/user/thesoundsofspotify/playlist/5bEVG5atW9TxNIZzoYb5g3
Bolivia,spotify:user:thesoundsofspotify:playlist:1vzZRy7kp4rn7ZgV0RdP8p,http://open.spotify.com/user/thesoundsofspotify/playlist/1vzZRy7kp4rn7ZgV0RdP8p
Bollnäs SE,spotify:user:thesoundsofspotify:playlist:7raT6e7Neebc9s2QYgIppY,http://open.spotify.com/user/thesoundsofspotify/playlist/7raT6e7Neebc9s2QYgIppY
Bologna IT,spotify:user:thesoundsofspotify:playlist:3dl2OLICYSnTSpi1wrCHmS,http://open.spotify.com/user/thesoundsofspotify/playlist/3dl2OLICYSnTSpi1wrCHmS
Bolton GB,spotify:user:thesoundsofspotify:playlist:0IlVCCoBTZCAgOFbL0oXXa,http://open.spotify.com/user/thesoundsofspotify/playlist/0IlVCCoBTZCAgOFbL0oXXa
Bondi AU,spotify:user:thesoundsofspotify:playlist:1cq7lZlev6Uy1j64rahjab,http://open.spotify.com/user/thesoundsofspotify/playlist/1cq7lZlev6Uy1j64rahjab
Bondy FR,spotify:user:thesoundsofspotify:playlist:2QmtJsiiryRA2GuEWXqv1G,http://open.spotify.com/user/thesoundsofspotify/playlist/2QmtJsiiryRA2GuEWXqv1G
Bonn DE,spotify:user:thesoundsofspotify:playlist:5JHgItKCUtwifREY7fuXTX,http://open.spotify.com/user/thesoundsofspotify/playlist/5JHgItKCUtwifREY7fuXTX
Bordeaux FR,spotify:user:thesoundsofspotify:playlist:2izGOxdjgX7aA3F516oOQ4,http://open.spotify.com/user/thesoundsofspotify/playlist/2izGOxdjgX7aA3F516oOQ4
Borehamwood GB,spotify:user:thesoundsofspotify:playlist:4DwWnh5enCbaN1hrMX9OGl,http://open.spotify.com/user/thesoundsofspotify/playlist/4DwWnh5enCbaN1hrMX9OGl
Borlänge SE,spotify:user:thesoundsofspotify:playlist:5QgpgSxnbnvXNYZ6qz8Iy8,http://open.spotify.com/user/thesoundsofspotify/playlist/5QgpgSxnbnvXNYZ6qz8Iy8
Borås SE,spotify:user:thesoundsofspotify:playlist:42jehC4ZooqbS9RG5Pei3b,http://open.spotify.com/user/thesoundsofspotify/playlist/42jehC4ZooqbS9RG5Pei3b
Boston Massachusetts US,spotify:user:thesoundsofspotify:playlist:3Ail1brqN8AJFrxL4FcTir,http://open.spotify.com/user/thesoundsofspotify/playlist/3Ail1brqN8AJFrxL4FcTir
Bothell Washington US,spotify:user:thesoundsofspotify:playlist:3j9bmHhgcMHpE5r68bgN07,http://open.spotify.com/user/thesoundsofspotify/playlist/3j9bmHhgcMHpE5r68bgN07
Bottrop DE,spotify:user:thesoundsofspotify:playlist:7Me4mSo1KivLPzyuz1rRuP,http://open.spotify.com/user/thesoundsofspotify/playlist/7Me4mSo1KivLPzyuz1rRuP
Boulder Colorado US,spotify:user:thesoundsofspotify:playlist:3YLGajrX7egnilY7i26W7k,http://open.spotify.com/user/thesoundsofspotify/playlist/3YLGajrX7egnilY7i26W7k
Boulogne-billancourt FR,spotify:user:thesoundsofspotify:playlist:5aiJ4ZySAkk9iGJ5WeI2tu,http://open.spotify.com/user/thesoundsofspotify/playlist/5aiJ4ZySAkk9iGJ5WeI2tu
Bournemouth GB,spotify:user:thesoundsofspotify:playlist:06xKkJuLaWy8VgupG48mRR,http://open.spotify.com/user/thesoundsofspotify/playlist/06xKkJuLaWy8VgupG48mRR
Bradford GB,spotify:user:thesoundsofspotify:playlist:05qdDyGky7VSkHfEAjcemi,http://open.spotify.com/user/thesoundsofspotify/playlist/05qdDyGky7VSkHfEAjcemi
Braga PT,spotify:user:thesoundsofspotify:playlist:1xra46zksTxgyAuR8FMbL0,http://open.spotify.com/user/thesoundsofspotify/playlist/1xra46zksTxgyAuR8FMbL0
Brampton CA,spotify:user:thesoundsofspotify:playlist:7j3GVundKRUED0pGIfjtpF,http://open.spotify.com/user/thesoundsofspotify/playlist/7j3GVundKRUED0pGIfjtpF
Brandon Florida US,spotify:user:thesoundsofspotify:playlist:2JNPiTu4yw7HlmdzkLBJkv,http://open.spotify.com/user/thesoundsofspotify/playlist/2JNPiTu4yw7HlmdzkLBJkv
Brasília BR,spotify:user:thesoundsofspotify:playlist:0GBWGFEatBTLo6DLiCqVWK,http://open.spotify.com/user/thesoundsofspotify/playlist/0GBWGFEatBTLo6DLiCqVWK
Bratislava SK,spotify:user:thesoundsofspotify:playlist:1GT6OpK2yqtO566sB4GEVs,http://open.spotify.com/user/thesoundsofspotify/playlist/1GT6OpK2yqtO566sB4GEVs
Braunschweig DE,spotify:user:thesoundsofspotify:playlist:35CM7VBvlC1mAP4qMQxr1C,http://open.spotify.com/user/thesoundsofspotify/playlist/35CM7VBvlC1mAP4qMQxr1C
Brazil,spotify:user:thesoundsofspotify:playlist:5KHbclM6e6EVONQirubFMO,http://open.spotify.com/user/thesoundsofspotify/playlist/5KHbclM6e6EVONQirubFMO
Brea California US,spotify:user:thesoundsofspotify:playlist:0wBDDJEQ8xDJz9AbPhddyx,http://open.spotify.com/user/thesoundsofspotify/playlist/0wBDDJEQ8xDJz9AbPhddyx
Breda NL,spotify:user:thesoundsofspotify:playlist:4PSGWgTu8CVBjDhZPY7b7S,http://open.spotify.com/user/thesoundsofspotify/playlist/4PSGWgTu8CVBjDhZPY7b7S
Bremen DE,spotify:user:thesoundsofspotify:playlist:0hoYA0aFWvj8xKwDkzseCX,http://open.spotify.com/user/thesoundsofspotify/playlist/0hoYA0aFWvj8xKwDkzseCX
Bremerhaven DE,spotify:user:thesoundsofspotify:playlist:2nlfKd4Jm3OU13XxZuRIEh,http://open.spotify.com/user/thesoundsofspotify/playlist/2nlfKd4Jm3OU13XxZuRIEh
Brentwood California US,spotify:user:thesoundsofspotify:playlist:2eZwzKpx2PaVZUgCcLN8HN,http://open.spotify.com/user/thesoundsofspotify/playlist/2eZwzKpx2PaVZUgCcLN8HN
Brescia IT,spotify:user:thesoundsofspotify:playlist:5i5mSNUi138rsBtgDyCnxk,http://open.spotify.com/user/thesoundsofspotify/playlist/5i5mSNUi138rsBtgDyCnxk
Brest FR,spotify:user:thesoundsofspotify:playlist:3GAZ0BcTpg8jlDS6xoJHu9,http://open.spotify.com/user/thesoundsofspotify/playlist/3GAZ0BcTpg8jlDS6xoJHu9
Bridgeport Connecticut US,spotify:user:thesoundsofspotify:playlist:3YPRlW85SgSucuWLb57nc6,http://open.spotify.com/user/thesoundsofspotify/playlist/3YPRlW85SgSucuWLb57nc6
Bridgeview Illinois US,spotify:user:thesoundsofspotify:playlist:7axK3v387yZbXfkrCY14C2,http://open.spotify.com/user/thesoundsofspotify/playlist/7axK3v387yZbXfkrCY14C2
Bridgwater GB,spotify:user:thesoundsofspotify:playlist:3dRIodLgLLpDahlSOqPNY2,http://open.spotify.com/user/thesoundsofspotify/playlist/3dRIodLgLLpDahlSOqPNY2
Brierley Hill GB,spotify:user:thesoundsofspotify:playlist:0nPvLfYFKctawBToAbZwSK,http://open.spotify.com/user/thesoundsofspotify/playlist/0nPvLfYFKctawBToAbZwSK
Brighton Massachusetts US,spotify:user:thesoundsofspotify:playlist:3CR4ZkeiRSagxsV7XUEMZ5,http://open.spotify.com/user/thesoundsofspotify/playlist/3CR4ZkeiRSagxsV7XUEMZ5
Brisbane AU,spotify:user:thesoundsofspotify:playlist:5tkwdyV1uD33JvuXISgkMj,http://open.spotify.com/user/thesoundsofspotify/playlist/5tkwdyV1uD33JvuXISgkMj
Bristol GB,spotify:user:thesoundsofspotify:playlist:1zCKx9WHLP4mAjPtNXfbkc,http://open.spotify.com/user/thesoundsofspotify/playlist/1zCKx9WHLP4mAjPtNXfbkc
Brno CZ,spotify:user:thesoundsofspotify:playlist:4qVMgcjpW26VU3LeVd4xsU,http://open.spotify.com/user/thesoundsofspotify/playlist/4qVMgcjpW26VU3LeVd4xsU
Broby SE,spotify:user:thesoundsofspotify:playlist:2dkdYLk43Xy8uPnLvmeuzG,http://open.spotify.com/user/thesoundsofspotify/playlist/2dkdYLk43Xy8uPnLvmeuzG
Bromley GB,spotify:user:thesoundsofspotify:playlist:0VBqGLTcE5vBJZGljhfmzV,http://open.spotify.com/user/thesoundsofspotify/playlist/0VBqGLTcE5vBJZGljhfmzV
Bromma SE,spotify:user:thesoundsofspotify:playlist:3IUtAlQ7g2WuyvJLdLA9PX,http://open.spotify.com/user/thesoundsofspotify/playlist/3IUtAlQ7g2WuyvJLdLA9PX
Bromölla SE,spotify:user:thesoundsofspotify:playlist:7I4049Q11hLoENZJBG4BgA,http://open.spotify.com/user/thesoundsofspotify/playlist/7I4049Q11hLoENZJBG4BgA
Bronx New York US,spotify:user:thesoundsofspotify:playlist:1y6JurWL0Tkr7to82qkQjY,http://open.spotify.com/user/thesoundsofspotify/playlist/1y6JurWL0Tkr7to82qkQjY
Brooklyn Maryland US,spotify:user:thesoundsofspotify:playlist:3YLQkwzHPkO2Hv0Bsd5fVi,http://open.spotify.com/user/thesoundsofspotify/playlist/3YLQkwzHPkO2Hv0Bsd5fVi
Brooklyn New York US,spotify:user:thesoundsofspotify:playlist:1TyZihjHVxRiLgIIQ8doRz,http://open.spotify.com/user/thesoundsofspotify/playlist/1TyZihjHVxRiLgIIQ8doRz
Brugge BE,spotify:user:thesoundsofspotify:playlist:2UaHnSPNZ0OP8hJzK7tbyn,http://open.spotify.com/user/thesoundsofspotify/playlist/2UaHnSPNZ0OP8hJzK7tbyn
Brumunddal NO,spotify:user:thesoundsofspotify:playlist:31p3kGC5JXZnQxoKk136bn,http://open.spotify.com/user/thesoundsofspotify/playlist/31p3kGC5JXZnQxoKk136bn
Brunswick AU,spotify:user:thesoundsofspotify:playlist:2x0PyPNFnq0V8CoqoJIuvS,http://open.spotify.com/user/thesoundsofspotify/playlist/2x0PyPNFnq0V8CoqoJIuvS
Brunswick West AU,spotify:user:thesoundsofspotify:playlist:5xDIcMxcsCA5flDzBCLmuc,http://open.spotify.com/user/thesoundsofspotify/playlist/5xDIcMxcsCA5flDzBCLmuc
Brussels BE,spotify:user:thesoundsofspotify:playlist:33uqkgYW3qQMWJqrLFQkCi,http://open.spotify.com/user/thesoundsofspotify/playlist/33uqkgYW3qQMWJqrLFQkCi
Bryne NO,spotify:user:thesoundsofspotify:playlist:1Ci4Ch0nFkSe8kylQ6MJBC,http://open.spotify.com/user/thesoundsofspotify/playlist/1Ci4Ch0nFkSe8kylQ6MJBC
Brønderslev DK,spotify:user:thesoundsofspotify:playlist:5XjFBPDf7U3mVWxZvhEKWC,http://open.spotify.com/user/thesoundsofspotify/playlist/5XjFBPDf7U3mVWxZvhEKWC
Brønnøysund NO,spotify:user:thesoundsofspotify:playlist:4R5s16ueOrnoIv1FgHXVOx,http://open.spotify.com/user/thesoundsofspotify/playlist/4R5s16ueOrnoIv1FgHXVOx
Brønshøj DK,spotify:user:thesoundsofspotify:playlist:1B4o5KRVeeHdxu58ru6ZW4,http://open.spotify.com/user/thesoundsofspotify/playlist/1B4o5KRVeeHdxu58ru6ZW4
Bucaramanga CO,spotify:user:thesoundsofspotify:playlist:4MiN7w68M6XiV5ahsQ1WsY,http://open.spotify.com/user/thesoundsofspotify/playlist/4MiN7w68M6XiV5ahsQ1WsY
Budapest HU,spotify:user:thesoundsofspotify:playlist:4KhdMFLtiZPhkvkikxMx2n,http://open.spotify.com/user/thesoundsofspotify/playlist/4KhdMFLtiZPhkvkikxMx2n
Buena Park California US,spotify:user:thesoundsofspotify:playlist:4SPmIa6FHLYNfaDFzrvSi7,http://open.spotify.com/user/thesoundsofspotify/playlist/4SPmIa6FHLYNfaDFzrvSi7
Buenos Aires AR,spotify:user:thesoundsofspotify:playlist:1iyu1s4szp3ASCNSbGerzQ,http://open.spotify.com/user/thesoundsofspotify/playlist/1iyu1s4szp3ASCNSbGerzQ
Buffalo New York US,spotify:user:thesoundsofspotify:playlist:4StWFoCs3vp4gDxAGCwybU,http://open.spotify.com/user/thesoundsofspotify/playlist/4StWFoCs3vp4gDxAGCwybU
Bulgaria,spotify:user:thesoundsofspotify:playlist:0feZbPn3DcsrLAF26CeNmp,http://open.spotify.com/user/thesoundsofspotify/playlist/0feZbPn3DcsrLAF26CeNmp
Bundoora AU,spotify:user:thesoundsofspotify:playlist:1caelq150sc7xeF6Gf7RSf,http://open.spotify.com/user/thesoundsofspotify/playlist/1caelq150sc7xeF6Gf7RSf
Bunkeflostrand SE,spotify:user:thesoundsofspotify:playlist:6LklXcAFtMLGK2Op1hKwVi,http://open.spotify.com/user/thesoundsofspotify/playlist/6LklXcAFtMLGK2Op1hKwVi
Burbank California US,spotify:user:thesoundsofspotify:playlist:23nx2OzFjN38fqNNH1egxK,http://open.spotify.com/user/thesoundsofspotify/playlist/23nx2OzFjN38fqNNH1egxK
Burgos ES,spotify:user:thesoundsofspotify:playlist:4iUR9oSvZD0lat3Qp3ISjt,http://open.spotify.com/user/thesoundsofspotify/playlist/4iUR9oSvZD0lat3Qp3ISjt
Burnaby CA,spotify:user:thesoundsofspotify:playlist:70bZEj64rRidTUNL8aQn3C,http://open.spotify.com/user/thesoundsofspotify/playlist/70bZEj64rRidTUNL8aQn3C
Burol PH,spotify:user:thesoundsofspotify:playlist:6Yd8h9bazDhh0d4JGWgjSQ,http://open.spotify.com/user/thesoundsofspotify/playlist/6Yd8h9bazDhh0d4JGWgjSQ
Bursa TR,spotify:user:thesoundsofspotify:playlist:2OH34ph4hjVN3XPYz3p2I5,http://open.spotify.com/user/thesoundsofspotify/playlist/2OH34ph4hjVN3XPYz3p2I5
Burswood AU,spotify:user:thesoundsofspotify:playlist:0ED0aK4iO4OUVJaYiKZAkg,http://open.spotify.com/user/thesoundsofspotify/playlist/0ED0aK4iO4OUVJaYiKZAkg
Burton-on-trent GB,spotify:user:thesoundsofspotify:playlist:0Sy3rftlm4ovT0du7EDU9Z,http://open.spotify.com/user/thesoundsofspotify/playlist/0Sy3rftlm4ovT0du7EDU9Z
Burwood AU,spotify:user:thesoundsofspotify:playlist:5EfcmkO6mIg9ncM37pZ3cZ,http://open.spotify.com/user/thesoundsofspotify/playlist/5EfcmkO6mIg9ncM37pZ3cZ
Bussum NL,spotify:user:thesoundsofspotify:playlist:5r2t0Euby1FbZiovM8nZVn,http://open.spotify.com/user/thesoundsofspotify/playlist/5r2t0Euby1FbZiovM8nZVn
Bydgoszcz PL,spotify:user:thesoundsofspotify:playlist:1jxgugjJuOnQ7iL1Ua2KZf,http://open.spotify.com/user/thesoundsofspotify/playlist/1jxgugjJuOnQ7iL1Ua2KZf
Bålsta SE,spotify:user:thesoundsofspotify:playlist:5eHtLPNpanfDh5UDUeMJQe,http://open.spotify.com/user/thesoundsofspotify/playlist/5eHtLPNpanfDh5UDUeMJQe
Børkop DK,spotify:user:thesoundsofspotify:playlist:0HJIksdfdn20aFMgXk3CYU,http://open.spotify.com/user/thesoundsofspotify/playlist/0HJIksdfdn20aFMgXk3CYU
Cabramatta AU,spotify:user:thesoundsofspotify:playlist:2kMxSj6lONDmAJtNIb0Wi1,http://open.spotify.com/user/thesoundsofspotify/playlist/2kMxSj6lONDmAJtNIb0Wi1
Cadiz ES,spotify:user:thesoundsofspotify:playlist:2JsctsPDtSOHPLSJFal5QV,http://open.spotify.com/user/thesoundsofspotify/playlist/2JsctsPDtSOHPLSJFal5QV
Caen FR,spotify:user:thesoundsofspotify:playlist:6J71di9aDWcbYoSmq8bXuW,http://open.spotify.com/user/thesoundsofspotify/playlist/6J71di9aDWcbYoSmq8bXuW
Cagayan De Oro City PH,spotify:user:thesoundsofspotify:playlist:3EwD75HnjQZ5I8YAPI77cx,http://open.spotify.com/user/thesoundsofspotify/playlist/3EwD75HnjQZ5I8YAPI77cx
Cagliari IT,spotify:user:thesoundsofspotify:playlist:4BhLbKT8JTCQgzimc7RN3e,http://open.spotify.com/user/thesoundsofspotify/playlist/4BhLbKT8JTCQgzimc7RN3e
Caguas Puerto Rico US,spotify:user:thesoundsofspotify:playlist:5zGtEg5YUcHXqaENGqZUw1,http://open.spotify.com/user/thesoundsofspotify/playlist/5zGtEg5YUcHXqaENGqZUw1
Cainta PH,spotify:user:thesoundsofspotify:playlist:7tZyCQ7NdCgRAmmsB6huka,http://open.spotify.com/user/thesoundsofspotify/playlist/7tZyCQ7NdCgRAmmsB6huka
Calamba City PH,spotify:user:thesoundsofspotify:playlist:1m9guAYDxVmZOMflyQHa3i,http://open.spotify.com/user/thesoundsofspotify/playlist/1m9guAYDxVmZOMflyQHa3i
Calamba PH,spotify:user:thesoundsofspotify:playlist:5Eg6lhfbeKKyvojrttvlgv,http://open.spotify.com/user/thesoundsofspotify/playlist/5Eg6lhfbeKKyvojrttvlgv
Calgary CA,spotify:user:thesoundsofspotify:playlist:3tBo7xjgNyJ97liso0vTv0,http://open.spotify.com/user/thesoundsofspotify/playlist/3tBo7xjgNyJ97liso0vTv0
Cali CO,spotify:user:thesoundsofspotify:playlist:0njloMKUXOe61T958Fd5mZ,http://open.spotify.com/user/thesoundsofspotify/playlist/0njloMKUXOe61T958Fd5mZ
Callao PE,spotify:user:thesoundsofspotify:playlist:79ykelRTDoF3Hd5yzcxlYB,http://open.spotify.com/user/thesoundsofspotify/playlist/79ykelRTDoF3Hd5yzcxlYB
Caloocan City PH,spotify:user:thesoundsofspotify:playlist:5qaDvIZx7plFTeRYvbMbwt,http://open.spotify.com/user/thesoundsofspotify/playlist/5qaDvIZx7plFTeRYvbMbwt
Caloocan PH,spotify:user:thesoundsofspotify:playlist:2R2MROycKOXpMnZywbgtQw,http://open.spotify.com/user/thesoundsofspotify/playlist/2R2MROycKOXpMnZywbgtQw
Camberley GB,spotify:user:thesoundsofspotify:playlist:1FzHmeaL3NvwoZKbOMa1zv,http://open.spotify.com/user/thesoundsofspotify/playlist/1FzHmeaL3NvwoZKbOMa1zv
Camberwell AU,spotify:user:thesoundsofspotify:playlist:55Cvkfu0YAxtXDgEM1NSZd,http://open.spotify.com/user/thesoundsofspotify/playlist/55Cvkfu0YAxtXDgEM1NSZd
Camboriú BR,spotify:user:thesoundsofspotify:playlist:2kMSw3wV9RuyAUzGkJQKfk,http://open.spotify.com/user/thesoundsofspotify/playlist/2kMSw3wV9RuyAUzGkJQKfk
Cambridge GB,spotify:user:thesoundsofspotify:playlist:6SzsKTvsV3DzCSM110rZa3,http://open.spotify.com/user/thesoundsofspotify/playlist/6SzsKTvsV3DzCSM110rZa3
Cambridge Massachusetts US,spotify:user:thesoundsofspotify:playlist:4sRcL7wyIiZvd5ANAmx4lQ,http://open.spotify.com/user/thesoundsofspotify/playlist/4sRcL7wyIiZvd5ANAmx4lQ
Camden New Jersey US,spotify:user:thesoundsofspotify:playlist:1J4fbsCfn160EKNvygIrA0,http://open.spotify.com/user/thesoundsofspotify/playlist/1J4fbsCfn160EKNvygIrA0
Campeche MX,spotify:user:thesoundsofspotify:playlist:4a1QIdDKf8pvvJmXXOzt6f,http://open.spotify.com/user/thesoundsofspotify/playlist/4a1QIdDKf8pvvJmXXOzt6f
Camperdown AU,spotify:user:thesoundsofspotify:playlist:6JjOWZFym4iNtZ3hYIkj9F,http://open.spotify.com/user/thesoundsofspotify/playlist/6JjOWZFym4iNtZ3hYIkj9F
Campinas BR,spotify:user:thesoundsofspotify:playlist:7vj8GljR8bSHU6ZNSUmCdd,http://open.spotify.com/user/thesoundsofspotify/playlist/7vj8GljR8bSHU6ZNSUmCdd
Campo Grande BR,spotify:user:thesoundsofspotify:playlist:4FEX4CQRt386ptxFQSIXT1,http://open.spotify.com/user/thesoundsofspotify/playlist/4FEX4CQRt386ptxFQSIXT1
Campos BR,spotify:user:thesoundsofspotify:playlist:0zVkuRWK0StVknvXcJnAnz,http://open.spotify.com/user/thesoundsofspotify/playlist/0zVkuRWK0StVknvXcJnAnz
Camposampiero IT,spotify:user:thesoundsofspotify:playlist:28Eupk2CIHhqU3DxlY6rLp,http://open.spotify.com/user/thesoundsofspotify/playlist/28Eupk2CIHhqU3DxlY6rLp
Canada,spotify:user:thesoundsofspotify:playlist:7EeZTIWCXCGbeiEclJoBBn,http://open.spotify.com/user/thesoundsofspotify/playlist/7EeZTIWCXCGbeiEclJoBBn
Canberra AU,spotify:user:thesoundsofspotify:playlist:2H6ioM6bQkHXcAgTRKbjQC,http://open.spotify.com/user/thesoundsofspotify/playlist/2H6ioM6bQkHXcAgTRKbjQC
Cancún MX,spotify:user:thesoundsofspotify:playlist:1cFeivo92AoBBd1tDgBLIj,http://open.spotify.com/user/thesoundsofspotify/playlist/1cFeivo92AoBBd1tDgBLIj
Canoas BR,spotify:user:thesoundsofspotify:playlist:07QMxqncKDfOoeNLvDDzo1,http://open.spotify.com/user/thesoundsofspotify/playlist/07QMxqncKDfOoeNLvDDzo1
Canterbury GB,spotify:user:thesoundsofspotify:playlist:0y3pa754oEfiFAdq7yVe55,http://open.spotify.com/user/thesoundsofspotify/playlist/0y3pa754oEfiFAdq7yVe55
Canton Michigan US,spotify:user:thesoundsofspotify:playlist:1OJVmgzIW8FGnify9r3Cko,http://open.spotify.com/user/thesoundsofspotify/playlist/1OJVmgzIW8FGnify9r3Cko
Capelle Aan Den Ijssel NL,spotify:user:thesoundsofspotify:playlist:0uehRFvXwjPbY6diTH6FO8,http://open.spotify.com/user/thesoundsofspotify/playlist/0uehRFvXwjPbY6diTH6FO8
Capri PH,spotify:user:thesoundsofspotify:playlist:0yjULi3SZDgcyhQf0uOJAH,http://open.spotify.com/user/thesoundsofspotify/playlist/0yjULi3SZDgcyhQf0uOJAH
Caracas VE,spotify:user:thesoundsofspotify:playlist:6s1IygShVuN7b8tZbaS4l0,http://open.spotify.com/user/thesoundsofspotify/playlist/6s1IygShVuN7b8tZbaS4l0
Carapicuíba BR,spotify:user:thesoundsofspotify:playlist:5ffeiO7ZbvAz9VB8BEdgmD,http://open.spotify.com/user/thesoundsofspotify/playlist/5ffeiO7ZbvAz9VB8BEdgmD
Cardiff GB,spotify:user:thesoundsofspotify:playlist:1wLhcIXM4vwbWKxPGC6qUL,http://open.spotify.com/user/thesoundsofspotify/playlist/1wLhcIXM4vwbWKxPGC6qUL
Carlton AU,spotify:user:thesoundsofspotify:playlist:6cm1pYuPOXeZK2Ee1ZYaID,http://open.spotify.com/user/thesoundsofspotify/playlist/6cm1pYuPOXeZK2Ee1ZYaID
Carol Stream Illinois US,spotify:user:thesoundsofspotify:playlist:3lLWu2unpjO8axXaNFHdyU,http://open.spotify.com/user/thesoundsofspotify/playlist/3lLWu2unpjO8axXaNFHdyU
Carolina Puerto Rico US,spotify:user:thesoundsofspotify:playlist:1QSHPgAc5RA2KVQemQeveu,http://open.spotify.com/user/thesoundsofspotify/playlist/1QSHPgAc5RA2KVQemQeveu
Carrollton Texas US,spotify:user:thesoundsofspotify:playlist:65V6780tfegajRYqN6WFgS,http://open.spotify.com/user/thesoundsofspotify/playlist/65V6780tfegajRYqN6WFgS
Cartagena ES,spotify:user:thesoundsofspotify:playlist:6hhS1tqjx1ejxPN6A9spJL,http://open.spotify.com/user/thesoundsofspotify/playlist/6hhS1tqjx1ejxPN6A9spJL
Cartago CR,spotify:user:thesoundsofspotify:playlist:5rFMZMaQzpDikBuNnN7Vmx,http://open.spotify.com/user/thesoundsofspotify/playlist/5rFMZMaQzpDikBuNnN7Vmx
Cary North Carolina US,spotify:user:thesoundsofspotify:playlist:28IfvaVkhijH7JyeSJCRCi,http://open.spotify.com/user/thesoundsofspotify/playlist/28IfvaVkhijH7JyeSJCRCi
Cascavel BR,spotify:user:thesoundsofspotify:playlist:6QdUdMeNy98R37ujUrXBaq,http://open.spotify.com/user/thesoundsofspotify/playlist/6QdUdMeNy98R37ujUrXBaq
Caseros AR,spotify:user:thesoundsofspotify:playlist:2BZdDpJoIE3hN5n2lj5pF2,http://open.spotify.com/user/thesoundsofspotify/playlist/2BZdDpJoIE3hN5n2lj5pF2
Castel Mella IT,spotify:user:thesoundsofspotify:playlist:4TAqbfO80QJtTkeJa58a8F,http://open.spotify.com/user/thesoundsofspotify/playlist/4TAqbfO80QJtTkeJa58a8F
Castelar AR,spotify:user:thesoundsofspotify:playlist:3EB2WiiGLBUTYdb3aGdqli,http://open.spotify.com/user/thesoundsofspotify/playlist/3EB2WiiGLBUTYdb3aGdqli
Castellón ES,spotify:user:thesoundsofspotify:playlist:4cIgTDMWCZ4dkMh0wwFWpd,http://open.spotify.com/user/thesoundsofspotify/playlist/4cIgTDMWCZ4dkMh0wwFWpd
Castro Valley California US,spotify:user:thesoundsofspotify:playlist:04LIR99m6Y2fTPzHWj7LEk,http://open.spotify.com/user/thesoundsofspotify/playlist/04LIR99m6Y2fTPzHWj7LEk
Castrop-rauxel DE,spotify:user:thesoundsofspotify:playlist:5Msglr3AhGPFBIYgKFtrqC,http://open.spotify.com/user/thesoundsofspotify/playlist/5Msglr3AhGPFBIYgKFtrqC
Catania IT,spotify:user:thesoundsofspotify:playlist:02YnebhLE8yeXH9ocD4jFC,http://open.spotify.com/user/thesoundsofspotify/playlist/02YnebhLE8yeXH9ocD4jFC
Catanzaro IT,spotify:user:thesoundsofspotify:playlist:0cobsXwJAXQVTbnKFf8HVq,http://open.spotify.com/user/thesoundsofspotify/playlist/0cobsXwJAXQVTbnKFf8HVq
Caulfield North AU,spotify:user:thesoundsofspotify:playlist:0fD9KQxl87C3gmFAeJuMll,http://open.spotify.com/user/thesoundsofspotify/playlist/0fD9KQxl87C3gmFAeJuMll
Caulfield South AU,spotify:user:thesoundsofspotify:playlist:3sA8aU0Rd1VpBMp0DlwSg5,http://open.spotify.com/user/thesoundsofspotify/playlist/3sA8aU0Rd1VpBMp0DlwSg5
Cavite City PH,spotify:user:thesoundsofspotify:playlist:4QdnUe364X3U3ll6DairpE,http://open.spotify.com/user/thesoundsofspotify/playlist/4QdnUe364X3U3ll6DairpE
Cavite PH,spotify:user:thesoundsofspotify:playlist:7nkNAjqA2w5GTm1rvoueqb,http://open.spotify.com/user/thesoundsofspotify/playlist/7nkNAjqA2w5GTm1rvoueqb
Caxias Do Sul BR,spotify:user:thesoundsofspotify:playlist:3dCIn9pBmYX3jk2xmvfZrH,http://open.spotify.com/user/thesoundsofspotify/playlist/3dCIn9pBmYX3jk2xmvfZrH
Cebu City PH,spotify:user:thesoundsofspotify:playlist:4r9NYwfkHKRU3QTKYlrCR3,http://open.spotify.com/user/thesoundsofspotify/playlist/4r9NYwfkHKRU3QTKYlrCR3
Cebu PH,spotify:user:thesoundsofspotify:playlist:4MDvL8eIGO2ZPSS2PrDXgl,http://open.spotify.com/user/thesoundsofspotify/playlist/4MDvL8eIGO2ZPSS2PrDXgl
Cedar Rapids Iowa US,spotify:user:thesoundsofspotify:playlist:3WawRYVeqPiwQlMcI3dbOL,http://open.spotify.com/user/thesoundsofspotify/playlist/3WawRYVeqPiwQlMcI3dbOL
Celaya MX,spotify:user:thesoundsofspotify:playlist:1jC4WC1sgji3iZRYeCRpW6,http://open.spotify.com/user/thesoundsofspotify/playlist/1jC4WC1sgji3iZRYeCRpW6
Celtic Christmas,spotify:user:thesoundsofspotify:playlist:6B8U6NSPqZiMKz6XozHgcf,http://open.spotify.com/user/thesoundsofspotify/playlist/6B8U6NSPqZiMKz6XozHgcf
Cembo PH,spotify:user:thesoundsofspotify:playlist:1HNwOMUby7ASGydbhVtpKO,http://open.spotify.com/user/thesoundsofspotify/playlist/1HNwOMUby7ASGydbhVtpKO
Cenon FR,spotify:user:thesoundsofspotify:playlist:5LXq61OPuOdxMcRZGq2Vuu,http://open.spotify.com/user/thesoundsofspotify/playlist/5LXq61OPuOdxMcRZGq2Vuu
Central District HK,spotify:user:thesoundsofspotify:playlist:7LLNXp6X1InEG0iJuJQQMN,http://open.spotify.com/user/thesoundsofspotify/playlist/7LLNXp6X1InEG0iJuJQQMN
Cesena IT,spotify:user:thesoundsofspotify:playlist:5splFcC73gm1c31A09PJnB,http://open.spotify.com/user/thesoundsofspotify/playlist/5splFcC73gm1c31A09PJnB
Chalco MX,spotify:user:thesoundsofspotify:playlist:6HV08aWNimqd6ABFS69POz,http://open.spotify.com/user/thesoundsofspotify/playlist/6HV08aWNimqd6ABFS69POz
Champigny-sur-marne FR,spotify:user:thesoundsofspotify:playlist:5T6y1WlI1wTOi3zzNSoFIh,http://open.spotify.com/user/thesoundsofspotify/playlist/5T6y1WlI1wTOi3zzNSoFIh
Chandler Arizona US,spotify:user:thesoundsofspotify:playlist:77A2dEdMH4KAopJfTsnh7q,http://open.spotify.com/user/thesoundsofspotify/playlist/77A2dEdMH4KAopJfTsnh7q
Changhua TW,spotify:user:thesoundsofspotify:playlist:0AhoYwhqRkicxUxC1L2JBB,http://open.spotify.com/user/thesoundsofspotify/playlist/0AhoYwhqRkicxUxC1L2JBB
Chantilly Virginia US,spotify:user:thesoundsofspotify:playlist:5L8nVy2H6dCzeTiNRdmnO5,http://open.spotify.com/user/thesoundsofspotify/playlist/5L8nVy2H6dCzeTiNRdmnO5
Chapecó BR,spotify:user:thesoundsofspotify:playlist:4nrqDVOZKFj1MNlQB7PeZf,http://open.spotify.com/user/thesoundsofspotify/playlist/4nrqDVOZKFj1MNlQB7PeZf
Chapel Hill North Carolina US,spotify:user:thesoundsofspotify:playlist:4rgxmb1VNIhgbpSLkR40XH,http://open.spotify.com/user/thesoundsofspotify/playlist/4rgxmb1VNIhgbpSLkR40XH
Charleston South Carolina US,spotify:user:thesoundsofspotify:playlist:1wbXVvFproV0tZeu5LEz5v,http://open.spotify.com/user/thesoundsofspotify/playlist/1wbXVvFproV0tZeu5LEz5v
Charlotte Michigan US,spotify:user:thesoundsofspotify:playlist:3Yt0zvlgNyxuDwQlwTVYKZ,http://open.spotify.com/user/thesoundsofspotify/playlist/3Yt0zvlgNyxuDwQlwTVYKZ
Charlotte North Carolina US,spotify:user:thesoundsofspotify:playlist:1f4HcldzIDN5rVOl5n1MxU,http://open.spotify.com/user/thesoundsofspotify/playlist/1f4HcldzIDN5rVOl5n1MxU
Charlottenlund DK,spotify:user:thesoundsofspotify:playlist:51tVTkRv7bXLBFkGu8TBAN,http://open.spotify.com/user/thesoundsofspotify/playlist/51tVTkRv7bXLBFkGu8TBAN
Charlottesville Virginia US,spotify:user:thesoundsofspotify:playlist:0b0cY4unu7kEPBRUK4erAn,http://open.spotify.com/user/thesoundsofspotify/playlist/0b0cY4unu7kEPBRUK4erAn
Chatou FR,spotify:user:thesoundsofspotify:playlist:6PYYzxLjJGxuEOag1GWG9X,http://open.spotify.com/user/thesoundsofspotify/playlist/6PYYzxLjJGxuEOag1GWG9X
Chatswood AU,spotify:user:thesoundsofspotify:playlist:4u06gGLOt0jotuiJtZaskL,http://open.spotify.com/user/thesoundsofspotify/playlist/4u06gGLOt0jotuiJtZaskL
Chattanooga Tennessee US,spotify:user:thesoundsofspotify:playlist:43WCDuMkuiFhC21k5gRq4A,http://open.spotify.com/user/thesoundsofspotify/playlist/43WCDuMkuiFhC21k5gRq4A
Chelles FR,spotify:user:thesoundsofspotify:playlist:0oCqJ6xgwzTc2gnwqfDpeQ,http://open.spotify.com/user/thesoundsofspotify/playlist/0oCqJ6xgwzTc2gnwqfDpeQ
Chelmsford GB,spotify:user:thesoundsofspotify:playlist:0j1WRxdC3Iyrz0Wkn73Q5Y,http://open.spotify.com/user/thesoundsofspotify/playlist/0j1WRxdC3Iyrz0Wkn73Q5Y
Cheltenham GB,spotify:user:thesoundsofspotify:playlist:6VmdAsZqeFGGHHZSmNNdbk,http://open.spotify.com/user/thesoundsofspotify/playlist/6VmdAsZqeFGGHHZSmNNdbk
Chemnitz DE,spotify:user:thesoundsofspotify:playlist:2MNGdcT4qJBqmb4a16wqKz,http://open.spotify.com/user/thesoundsofspotify/playlist/2MNGdcT4qJBqmb4a16wqKz
Chester Pennsylvania US,spotify:user:thesoundsofspotify:playlist:3zukh5xZ2JprCz7xkAfFiU,http://open.spotify.com/user/thesoundsofspotify/playlist/3zukh5xZ2JprCz7xkAfFiU
Chicago Illinois US,spotify:user:thesoundsofspotify:playlist:6UhIdjRWhofrYI32vzVuh9,http://open.spotify.com/user/thesoundsofspotify/playlist/6UhIdjRWhofrYI32vzVuh9
Chihuahua MX,spotify:user:thesoundsofspotify:playlist:11I6h8nusNjhdJeYxIbAZe,http://open.spotify.com/user/thesoundsofspotify/playlist/11I6h8nusNjhdJeYxIbAZe
Children's Christmas,spotify:user:thesoundsofspotify:playlist:2XRsqZwFWSyxBD57bwgKih,http://open.spotify.com/user/thesoundsofspotify/playlist/2XRsqZwFWSyxBD57bwgKih
Chile,spotify:user:thesoundsofspotify:playlist:0BpFdlssgmbxj5dkamrqC0,http://open.spotify.com/user/thesoundsofspotify/playlist/0BpFdlssgmbxj5dkamrqC0
Chillan CL,spotify:user:thesoundsofspotify:playlist:7fWPoRVDBFPNQzuthJs9wk,http://open.spotify.com/user/thesoundsofspotify/playlist/7fWPoRVDBFPNQzuthJs9wk
Chilpancingo MX,spotify:user:thesoundsofspotify:playlist:1F4ItpkLvtqRg8rTYDrZhf,http://open.spotify.com/user/thesoundsofspotify/playlist/1F4ItpkLvtqRg8rTYDrZhf
China,spotify:user:thesoundsofspotify:playlist:1otAiOltVxRirrrH50hfWx,http://open.spotify.com/user/thesoundsofspotify/playlist/1otAiOltVxRirrrH50hfWx
Chino California US,spotify:user:thesoundsofspotify:playlist:0WjMeKd1KtmRKVpUlFrGB8,http://open.spotify.com/user/thesoundsofspotify/playlist/0WjMeKd1KtmRKVpUlFrGB8
Chino Hills California US,spotify:user:thesoundsofspotify:playlist:1JCIuL7luVdE4Rnky4isOh,http://open.spotify.com/user/thesoundsofspotify/playlist/1JCIuL7luVdE4Rnky4isOh
Chippendale AU,spotify:user:thesoundsofspotify:playlist:7ywd1B6TmFRdwalhU30d82,http://open.spotify.com/user/thesoundsofspotify/playlist/7ywd1B6TmFRdwalhU30d82
Chiswick AU,spotify:user:thesoundsofspotify:playlist:3bPPv6QyUX0rWlLYmc2bkB,http://open.spotify.com/user/thesoundsofspotify/playlist/3bPPv6QyUX0rWlLYmc2bkB
Choisy-le-roi FR,spotify:user:thesoundsofspotify:playlist:0jbxNJ8YBb5mhfvphSPkfn,http://open.spotify.com/user/thesoundsofspotify/playlist/0jbxNJ8YBb5mhfvphSPkfn
Cholula MX,spotify:user:thesoundsofspotify:playlist:3KAXJdBdafGLLfqFq9vhBv,http://open.spotify.com/user/thesoundsofspotify/playlist/3KAXJdBdafGLLfqFq9vhBv
Christchurch NZ,spotify:user:thesoundsofspotify:playlist:15ukNOjp3jDNYi8H5FaLKV,http://open.spotify.com/user/thesoundsofspotify/playlist/15ukNOjp3jDNYi8H5FaLKV
Christian Christmas,spotify:user:thesoundsofspotify:playlist:1qOxqMCDjRpINTzqOiIgLD,http://open.spotify.com/user/thesoundsofspotify/playlist/1qOxqMCDjRpINTzqOiIgLD
Christmas,spotify:user:thesoundsofspotify:playlist:5P9AO1mfoAAqXMg2abYcS4,http://open.spotify.com/user/thesoundsofspotify/playlist/5P9AO1mfoAAqXMg2abYcS4
Christmas Product,spotify:user:thesoundsofspotify:playlist:0MxCys4nmIa6XRlJrCt9vJ,http://open.spotify.com/user/thesoundsofspotify/playlist/0MxCys4nmIa6XRlJrCt9vJ
Cicero Illinois US,spotify:user:thesoundsofspotify:playlist:5xgffebEYSEOabvizhZSGi,http://open.spotify.com/user/thesoundsofspotify/playlist/5xgffebEYSEOabvizhZSGi
Cincinnati Ohio US,spotify:user:thesoundsofspotify:playlist:5KTa93DBHCyAoXvQYKURMq,http://open.spotify.com/user/thesoundsofspotify/playlist/5KTa93DBHCyAoXvQYKURMq
Cinisello Balsamo IT,spotify:user:thesoundsofspotify:playlist:1ur8AqFQhLFGLM04S0Xg4x,http://open.spotify.com/user/thesoundsofspotify/playlist/1ur8AqFQhLFGLM04S0Xg4x
Cipolletti AR,spotify:user:thesoundsofspotify:playlist:5mXuxDdtpQ6m9JCIun6KQ3,http://open.spotify.com/user/thesoundsofspotify/playlist/5mXuxDdtpQ6m9JCIun6KQ3
Ciudad Nezahualcóyotl MX,spotify:user:thesoundsofspotify:playlist:1qxxvmruEPv3epJylgFx8s,http://open.spotify.com/user/thesoundsofspotify/playlist/1qxxvmruEPv3epJylgFx8s
Ciudad Real ES,spotify:user:thesoundsofspotify:playlist:2rQ9ptLmOCpOhm04eglXvf,http://open.spotify.com/user/thesoundsofspotify/playlist/2rQ9ptLmOCpOhm04eglXvf
Ciudad de México MX,spotify:user:thesoundsofspotify:playlist:0aUBHhKtsrIvno7MKNDvn4,http://open.spotify.com/user/thesoundsofspotify/playlist/0aUBHhKtsrIvno7MKNDvn4
Classical Christmas,spotify:user:thesoundsofspotify:playlist:59Bc9qQITfBZW5nGi3Nfd7,http://open.spotify.com/user/thesoundsofspotify/playlist/59Bc9qQITfBZW5nGi3Nfd7
Clemson South Carolina US,spotify:user:thesoundsofspotify:playlist:29tdxvRS2dUVJaHzXKuDgK,http://open.spotify.com/user/thesoundsofspotify/playlist/29tdxvRS2dUVJaHzXKuDgK
Clermont-ferrand FR,spotify:user:thesoundsofspotify:playlist:74lqQdbW3cZb2ieMRCFrW9,http://open.spotify.com/user/thesoundsofspotify/playlist/74lqQdbW3cZb2ieMRCFrW9
Cleveland Ohio US,spotify:user:thesoundsofspotify:playlist:01s3zfdCTwJ8yaeX5sbS7J,http://open.spotify.com/user/thesoundsofspotify/playlist/01s3zfdCTwJ8yaeX5sbS7J
Clichy FR,spotify:user:thesoundsofspotify:playlist:4Y1lKTXPKFyFd4eMKj8bEb,http://open.spotify.com/user/thesoundsofspotify/playlist/4Y1lKTXPKFyFd4eMKj8bEb
Clifton New Jersey US,spotify:user:thesoundsofspotify:playlist:7z7Mov4etyMuq4oRniMGnO,http://open.spotify.com/user/thesoundsofspotify/playlist/7z7Mov4etyMuq4oRniMGnO
Clinton Michigan US,spotify:user:thesoundsofspotify:playlist:7JpeS7rUJ39ntSgUexlbmf,http://open.spotify.com/user/thesoundsofspotify/playlist/7JpeS7rUJ39ntSgUexlbmf
Cloverdale AU,spotify:user:thesoundsofspotify:playlist:0fr5uE3uQYRrBnWX3knsZf,http://open.spotify.com/user/thesoundsofspotify/playlist/0fr5uE3uQYRrBnWX3knsZf
Coatzacoalcos MX,spotify:user:thesoundsofspotify:playlist:3N5fJe43whs36ILoBW07hn,http://open.spotify.com/user/thesoundsofspotify/playlist/3N5fJe43whs36ILoBW07hn
Cochabamba BO,spotify:user:thesoundsofspotify:playlist:2OlzrtQgUKvP6wZMQ8fV4L,http://open.spotify.com/user/thesoundsofspotify/playlist/2OlzrtQgUKvP6wZMQ8fV4L
Coimbra PT,spotify:user:thesoundsofspotify:playlist:5qsIyZiX3A1HtnIbZ3Zi34,http://open.spotify.com/user/thesoundsofspotify/playlist/5qsIyZiX3A1HtnIbZ3Zi34
Colchester GB,spotify:user:thesoundsofspotify:playlist:3vmzAvLmHKHZXBbV2b97HS,http://open.spotify.com/user/thesoundsofspotify/playlist/3vmzAvLmHKHZXBbV2b97HS
Colima MX,spotify:user:thesoundsofspotify:playlist:5ZMM6Z5KYWfkuamuNO53SB,http://open.spotify.com/user/thesoundsofspotify/playlist/5ZMM6Z5KYWfkuamuNO53SB
College Park Maryland US,spotify:user:thesoundsofspotify:playlist:1zOeAbjk2UNjSmP0hCEuEN,http://open.spotify.com/user/thesoundsofspotify/playlist/1zOeAbjk2UNjSmP0hCEuEN
College Station Texas US,spotify:user:thesoundsofspotify:playlist:0xUNFbyI7IRGbG73PE9Sst,http://open.spotify.com/user/thesoundsofspotify/playlist/0xUNFbyI7IRGbG73PE9Sst
Collingwood AU,spotify:user:thesoundsofspotify:playlist:6lYhy5Zj8ah6NKhVHDel9N,http://open.spotify.com/user/thesoundsofspotify/playlist/6lYhy5Zj8ah6NKhVHDel9N
Colombes FR,spotify:user:thesoundsofspotify:playlist:0S78aRTb9d6VC723Aty3WM,http://open.spotify.com/user/thesoundsofspotify/playlist/0S78aRTb9d6VC723Aty3WM
Colombia,spotify:user:thesoundsofspotify:playlist:0nK6y27PHOAsWc24VchHNb,http://open.spotify.com/user/thesoundsofspotify/playlist/0nK6y27PHOAsWc24VchHNb
Colorado Springs Colorado US,spotify:user:thesoundsofspotify:playlist:7hCAmAOU9wfUk24ozZhWma,http://open.spotify.com/user/thesoundsofspotify/playlist/7hCAmAOU9wfUk24ozZhWma
Columbia Maryland US,spotify:user:thesoundsofspotify:playlist:2VbihVrCxmOnMKtZHngFFH,http://open.spotify.com/user/thesoundsofspotify/playlist/2VbihVrCxmOnMKtZHngFFH
Columbia Missouri US,spotify:user:thesoundsofspotify:playlist:5IZa7N0P9mnlrOQdoYu9rI,http://open.spotify.com/user/thesoundsofspotify/playlist/5IZa7N0P9mnlrOQdoYu9rI
Columbia South Carolina US,spotify:user:thesoundsofspotify:playlist:17fzDcj9xPuGZOEkRknqZD,http://open.spotify.com/user/thesoundsofspotify/playlist/17fzDcj9xPuGZOEkRknqZD
Columbus Georgia US,spotify:user:thesoundsofspotify:playlist:7rlIXQAi8lcEuYrhZfMohl,http://open.spotify.com/user/thesoundsofspotify/playlist/7rlIXQAi8lcEuYrhZfMohl
Columbus Ohio US,spotify:user:thesoundsofspotify:playlist:63IcMSzNQKW5rVjtwaKGqV,http://open.spotify.com/user/thesoundsofspotify/playlist/63IcMSzNQKW5rVjtwaKGqV
Como IT,spotify:user:thesoundsofspotify:playlist:4OfGqJdAcXb3fVGwxRipao,http://open.spotify.com/user/thesoundsofspotify/playlist/4OfGqJdAcXb3fVGwxRipao
Comodoro Rivadavia AR,spotify:user:thesoundsofspotify:playlist:2A2fBDJd3P1aH5xdKmtUto,http://open.spotify.com/user/thesoundsofspotify/playlist/2A2fBDJd3P1aH5xdKmtUto
Compton California US,spotify:user:thesoundsofspotify:playlist:3HyazJJP3sLfizsBq210Lz,http://open.spotify.com/user/thesoundsofspotify/playlist/3HyazJJP3sLfizsBq210Lz
Concepcion CL,spotify:user:thesoundsofspotify:playlist:09noPQVL1x4Y4JRgPUblB7,http://open.spotify.com/user/thesoundsofspotify/playlist/09noPQVL1x4Y4JRgPUblB7
Concord AU,spotify:user:thesoundsofspotify:playlist:38311v5CrcouerNsSCTTCC,http://open.spotify.com/user/thesoundsofspotify/playlist/38311v5CrcouerNsSCTTCC
Concord California US,spotify:user:thesoundsofspotify:playlist:6ytTpgFh7otJAkR6uGKhyO,http://open.spotify.com/user/thesoundsofspotify/playlist/6ytTpgFh7otJAkR6uGKhyO
Concord North Carolina US,spotify:user:thesoundsofspotify:playlist:56By3UYhxmoDDHazl6t4Yq,http://open.spotify.com/user/thesoundsofspotify/playlist/56By3UYhxmoDDHazl6t4Yq
Contagem BR,spotify:user:thesoundsofspotify:playlist:7HTpLAtf7wrLJH9sO2MRHG,http://open.spotify.com/user/thesoundsofspotify/playlist/7HTpLAtf7wrLJH9sO2MRHG
Coorparoo AU,spotify:user:thesoundsofspotify:playlist:3uFX9xMw1mfQeRmX3DlVUS,http://open.spotify.com/user/thesoundsofspotify/playlist/3uFX9xMw1mfQeRmX3DlVUS
Copenhagen DK,spotify:user:thesoundsofspotify:playlist:6CTcqkj4aUHpvjL1YfjsN8,http://open.spotify.com/user/thesoundsofspotify/playlist/6CTcqkj4aUHpvjL1YfjsN8
Coppell Texas US,spotify:user:thesoundsofspotify:playlist:5ecOayhB5cGhDrGZJhw2BI,http://open.spotify.com/user/thesoundsofspotify/playlist/5ecOayhB5cGhDrGZJhw2BI
Coquimbo CL,spotify:user:thesoundsofspotify:playlist:5hYgYETBAagMJhZ5J8hLFX,http://open.spotify.com/user/thesoundsofspotify/playlist/5hYgYETBAagMJhZ5J8hLFX
Cordoba AR,spotify:user:thesoundsofspotify:playlist:4a64qbHEzRKhhLTrhtdHYs,http://open.spotify.com/user/thesoundsofspotify/playlist/4a64qbHEzRKhhLTrhtdHYs
Cordova Tennessee US,spotify:user:thesoundsofspotify:playlist:5pFblaBWZHEwAekkAX7aeW,http://open.spotify.com/user/thesoundsofspotify/playlist/5pFblaBWZHEwAekkAX7aeW
Cork IE,spotify:user:thesoundsofspotify:playlist:7MP9B2RvfJ3WgicvuX7U3E,http://open.spotify.com/user/thesoundsofspotify/playlist/7MP9B2RvfJ3WgicvuX7U3E
Cornellá De Llobregat ES,spotify:user:thesoundsofspotify:playlist:4kNwqpB5I3JuqrOVSRpUOs,http://open.spotify.com/user/thesoundsofspotify/playlist/4kNwqpB5I3JuqrOVSRpUOs
Corona California US,spotify:user:thesoundsofspotify:playlist:1lgTx3EbMGfQZ38U3EUjCk,http://open.spotify.com/user/thesoundsofspotify/playlist/1lgTx3EbMGfQZ38U3EUjCk
Corona New York US,spotify:user:thesoundsofspotify:playlist:0LvL2dvdOuhFVd9va3nnQd,http://open.spotify.com/user/thesoundsofspotify/playlist/0LvL2dvdOuhFVd9va3nnQd
Corpus Christi Texas US,spotify:user:thesoundsofspotify:playlist:0w5MbOsPPXPgsH28kKiQaP,http://open.spotify.com/user/thesoundsofspotify/playlist/0w5MbOsPPXPgsH28kKiQaP
Corrientes AR,spotify:user:thesoundsofspotify:playlist:5kR7xUFD94Ta0gle9sO8Q2,http://open.spotify.com/user/thesoundsofspotify/playlist/5kR7xUFD94Ta0gle9sO8Q2
Costa Rica,spotify:user:thesoundsofspotify:playlist:65kdQo5kDLvb1971RY8pOy,http://open.spotify.com/user/thesoundsofspotify/playlist/65kdQo5kDLvb1971RY8pOy
Cotia BR,spotify:user:thesoundsofspotify:playlist:1emOWo3TDkTjHxvHc5ITSI,http://open.spotify.com/user/thesoundsofspotify/playlist/1emOWo3TDkTjHxvHc5ITSI
Country Christmas,spotify:user:thesoundsofspotify:playlist:1PzGsPdOacIEdFsZG92bOI,http://open.spotify.com/user/thesoundsofspotify/playlist/1PzGsPdOacIEdFsZG92bOI
Courbevoie FR,spotify:user:thesoundsofspotify:playlist:4TjgK91RzlhYQYrl6JQmHT,http://open.spotify.com/user/thesoundsofspotify/playlist/4TjgK91RzlhYQYrl6JQmHT
Coventry GB,spotify:user:thesoundsofspotify:playlist:1gEsgnLypKnM6AcU4V3Arn,http://open.spotify.com/user/thesoundsofspotify/playlist/1gEsgnLypKnM6AcU4V3Arn
Covina California US,spotify:user:thesoundsofspotify:playlist:4uCLqwnS6RPBdZzYKCGumA,http://open.spotify.com/user/thesoundsofspotify/playlist/4uCLqwnS6RPBdZzYKCGumA
Coyoacan MX,spotify:user:thesoundsofspotify:playlist:3ywaRMiNbhsClHxBE1PJ8E,http://open.spotify.com/user/thesoundsofspotify/playlist/3ywaRMiNbhsClHxBE1PJ8E
Crawley GB,spotify:user:thesoundsofspotify:playlist:5XLg4r1QXacWvf7czGsUvb,http://open.spotify.com/user/thesoundsofspotify/playlist/5XLg4r1QXacWvf7czGsUvb
Criciúma BR,spotify:user:thesoundsofspotify:playlist:35sZYLC4lMPLXZvGjwIGJh,http://open.spotify.com/user/thesoundsofspotify/playlist/35sZYLC4lMPLXZvGjwIGJh
Croatia,spotify:user:thesoundsofspotify:playlist:0znxuqGLZY1gcMH8Uogbd4,http://open.spotify.com/user/thesoundsofspotify/playlist/0znxuqGLZY1gcMH8Uogbd4
Croydon AU,spotify:user:thesoundsofspotify:playlist:7LyXCjwDFBcY6eoekEh9fx,http://open.spotify.com/user/thesoundsofspotify/playlist/7LyXCjwDFBcY6eoekEh9fx
Croydon GB,spotify:user:thesoundsofspotify:playlist:0G4wsG0heXfcUPoK4Fwl0z,http://open.spotify.com/user/thesoundsofspotify/playlist/0G4wsG0heXfcUPoK4Fwl0z
Créteil FR,spotify:user:thesoundsofspotify:playlist:2Z5mM2KuCA891hvjWWhSsh,http://open.spotify.com/user/thesoundsofspotify/playlist/2Z5mM2KuCA891hvjWWhSsh
Cuajimalpa MX,spotify:user:thesoundsofspotify:playlist:5pAdbJgaSMJvUxyLhCiL30,http://open.spotify.com/user/thesoundsofspotify/playlist/5pAdbJgaSMJvUxyLhCiL30
Cuauhtémoc MX,spotify:user:thesoundsofspotify:playlist:1GF59EL84qTpjxdNwefoK1,http://open.spotify.com/user/thesoundsofspotify/playlist/1GF59EL84qTpjxdNwefoK1
Cuautitlán Izcalli MX,spotify:user:thesoundsofspotify:playlist:4DZAocn0US6PbB18DGabae,http://open.spotify.com/user/thesoundsofspotify/playlist/4DZAocn0US6PbB18DGabae
Cuautla MX,spotify:user:thesoundsofspotify:playlist:5tHnl1FmyHjvtxdJgfqFpr,http://open.spotify.com/user/thesoundsofspotify/playlist/5tHnl1FmyHjvtxdJgfqFpr
Cuenca EC,spotify:user:thesoundsofspotify:playlist:0VAuDgPkQOSBIRABdU2J4O,http://open.spotify.com/user/thesoundsofspotify/playlist/0VAuDgPkQOSBIRABdU2J4O
Cuernavaca MX,spotify:user:thesoundsofspotify:playlist:64eVScP9Sfc3KNZ46NLZI1,http://open.spotify.com/user/thesoundsofspotify/playlist/64eVScP9Sfc3KNZ46NLZI1
Cuiabá BR,spotify:user:thesoundsofspotify:playlist:2X4Ug6gjllZZtCVTXcbBba,http://open.spotify.com/user/thesoundsofspotify/playlist/2X4Ug6gjllZZtCVTXcbBba
Culiacán MX,spotify:user:thesoundsofspotify:playlist:5nsqrCEWmJjgC1iaaiPtCq,http://open.spotify.com/user/thesoundsofspotify/playlist/5nsqrCEWmJjgC1iaaiPtCq
Curico CL,spotify:user:thesoundsofspotify:playlist:7yQrVGbrWI60XTd07VKsK9,http://open.spotify.com/user/thesoundsofspotify/playlist/7yQrVGbrWI60XTd07VKsK9
Curitiba BR,spotify:user:thesoundsofspotify:playlist:6Dgj4lSaAtWbIsSelM0Ttp,http://open.spotify.com/user/thesoundsofspotify/playlist/6Dgj4lSaAtWbIsSelM0Ttp
Cypress Texas US,spotify:user:thesoundsofspotify:playlist:2Tifa5HWdTOrSWW6ktWCqE,http://open.spotify.com/user/thesoundsofspotify/playlist/2Tifa5HWdTOrSWW6ktWCqE
Cyprus,spotify:user:thesoundsofspotify:playlist:7vPrsJST9BMQs5iiap4HU1,http://open.spotify.com/user/thesoundsofspotify/playlist/7vPrsJST9BMQs5iiap4HU1
Cáceres ES,spotify:user:thesoundsofspotify:playlist:38f3kECAdT25ohe5CnSpJt,http://open.spotify.com/user/thesoundsofspotify/playlist/38f3kECAdT25ohe5CnSpJt
Córdoba ES,spotify:user:thesoundsofspotify:playlist:4e4011XjywSBGEVZrnlDGp,http://open.spotify.com/user/thesoundsofspotify/playlist/4e4011XjywSBGEVZrnlDGp
Córdoba MX,spotify:user:thesoundsofspotify:playlist:0cPmBGJHUI2wQJYpeWCye4,http://open.spotify.com/user/thesoundsofspotify/playlist/0cPmBGJHUI2wQJYpeWCye4
Dagenham GB,spotify:user:thesoundsofspotify:playlist:2eoxkrRsAaehjzGCbixPop,http://open.spotify.com/user/thesoundsofspotify/playlist/2eoxkrRsAaehjzGCbixPop
Dallas Texas US,spotify:user:thesoundsofspotify:playlist:5thq4HQaIBxOK1vE9bu2nj,http://open.spotify.com/user/thesoundsofspotify/playlist/5thq4HQaIBxOK1vE9bu2nj
Darlinghurst AU,spotify:user:thesoundsofspotify:playlist:4ohdy4OkrksKuV6Em552qJ,http://open.spotify.com/user/thesoundsofspotify/playlist/4ohdy4OkrksKuV6Em552qJ
Darmstadt DE,spotify:user:thesoundsofspotify:playlist:0KNhav56MRkhcqVj3wZqJ7,http://open.spotify.com/user/thesoundsofspotify/playlist/0KNhav56MRkhcqVj3wZqJ7
Dasmariñas PH,spotify:user:thesoundsofspotify:playlist:7Ka4pHcKrMKBhedSzIeVu6,http://open.spotify.com/user/thesoundsofspotify/playlist/7Ka4pHcKrMKBhedSzIeVu6
Davao City PH,spotify:user:thesoundsofspotify:playlist:5Gm9vQtnHcV1QI2KKzbKvc,http://open.spotify.com/user/thesoundsofspotify/playlist/5Gm9vQtnHcV1QI2KKzbKvc
Davao PH,spotify:user:thesoundsofspotify:playlist:0ukTYg3UlpFvr9ijFYLJEJ,http://open.spotify.com/user/thesoundsofspotify/playlist/0ukTYg3UlpFvr9ijFYLJEJ
Davis California US,spotify:user:thesoundsofspotify:playlist:5vn24lxMueqNuiPHPlaWnK,http://open.spotify.com/user/thesoundsofspotify/playlist/5vn24lxMueqNuiPHPlaWnK
Dayton Ohio US,spotify:user:thesoundsofspotify:playlist:1M720CbqNTug13z071qmE0,http://open.spotify.com/user/thesoundsofspotify/playlist/1M720CbqNTug13z071qmE0
Dearborn Heights Michigan US,spotify:user:thesoundsofspotify:playlist:7eOpDlbx6bAXjKZ4hIxQxT,http://open.spotify.com/user/thesoundsofspotify/playlist/7eOpDlbx6bAXjKZ4hIxQxT
Decatur Georgia US,spotify:user:thesoundsofspotify:playlist:0ZkHiqOu3IERgMYfkcc0X9,http://open.spotify.com/user/thesoundsofspotify/playlist/0ZkHiqOu3IERgMYfkcc0X9
Del Viso AR,spotify:user:thesoundsofspotify:playlist:208yW9bTVxH6NubSwkURIF,http://open.spotify.com/user/thesoundsofspotify/playlist/208yW9bTVxH6NubSwkURIF
Delft NL,spotify:user:thesoundsofspotify:playlist:2DCZWc9sIrxOph8dzcXhGD,http://open.spotify.com/user/thesoundsofspotify/playlist/2DCZWc9sIrxOph8dzcXhGD
Den Bosch NL,spotify:user:thesoundsofspotify:playlist:7hTWHNSf2njME4I1pWjwJN,http://open.spotify.com/user/thesoundsofspotify/playlist/7hTWHNSf2njME4I1pWjwJN
Den Haag NL,spotify:user:thesoundsofspotify:playlist:2i1lQUNjc3Kbxl4XhpcqoF,http://open.spotify.com/user/thesoundsofspotify/playlist/2i1lQUNjc3Kbxl4XhpcqoF
Den Helder NL,spotify:user:thesoundsofspotify:playlist:4DxXAScJhmAxxScLkTTOlA,http://open.spotify.com/user/thesoundsofspotify/playlist/4DxXAScJhmAxxScLkTTOlA
Denizli TR,spotify:user:thesoundsofspotify:playlist:3CPpUYBXQBS0C0BQXsRC34,http://open.spotify.com/user/thesoundsofspotify/playlist/3CPpUYBXQBS0C0BQXsRC34
Denmark,spotify:user:thesoundsofspotify:playlist:7c0IjW5MmngEjLm9ii7LeT,http://open.spotify.com/user/thesoundsofspotify/playlist/7c0IjW5MmngEjLm9ii7LeT
Denpasar ID,spotify:user:thesoundsofspotify:playlist:2rzUv1f5UK2VEv39RMTjP9,http://open.spotify.com/user/thesoundsofspotify/playlist/2rzUv1f5UK2VEv39RMTjP9
Denver Colorado US,spotify:user:thesoundsofspotify:playlist:4EVnKjHxMesvcl7MyVLunQ,http://open.spotify.com/user/thesoundsofspotify/playlist/4EVnKjHxMesvcl7MyVLunQ
Derby GB,spotify:user:thesoundsofspotify:playlist:6SasSwR3W29IetlI9hZgLc,http://open.spotify.com/user/thesoundsofspotify/playlist/6SasSwR3W29IetlI9hZgLc
Des Moines Iowa US,spotify:user:thesoundsofspotify:playlist:0nAxcvUmADzpdOqjmuEWwV,http://open.spotify.com/user/thesoundsofspotify/playlist/0nAxcvUmADzpdOqjmuEWwV
Detroit Michigan US,spotify:user:thesoundsofspotify:playlist:3JCBPwsE24EuNiRMu4vKJE,http://open.spotify.com/user/thesoundsofspotify/playlist/3JCBPwsE24EuNiRMu4vKJE
Deventer NL,spotify:user:thesoundsofspotify:playlist:0S5wqiIfH1HrXlW8EctoTz,http://open.spotify.com/user/thesoundsofspotify/playlist/0S5wqiIfH1HrXlW8EctoTz
Diadema BR,spotify:user:thesoundsofspotify:playlist:0rcN9KG5uhvynqqmGylTRR,http://open.spotify.com/user/thesoundsofspotify/playlist/0rcN9KG5uhvynqqmGylTRR
Diemen NL,spotify:user:thesoundsofspotify:playlist:3oxLhO5StvWNYO54xXbAoD,http://open.spotify.com/user/thesoundsofspotify/playlist/3oxLhO5StvWNYO54xXbAoD
Dijon FR,spotify:user:thesoundsofspotify:playlist:4seqGk7ccTktNuF1Ez50qB,http://open.spotify.com/user/thesoundsofspotify/playlist/4seqGk7ccTktNuF1Ez50qB
Dinslaken DE,spotify:user:thesoundsofspotify:playlist:2Iielf9hu9xNvE97LaL5Hw,http://open.spotify.com/user/thesoundsofspotify/playlist/2Iielf9hu9xNvE97LaL5Hw
District Heights Maryland US,spotify:user:thesoundsofspotify:playlist:5zux76APnWkV5Kt2q0I9hQ,http://open.spotify.com/user/thesoundsofspotify/playlist/5zux76APnWkV5Kt2q0I9hQ
Divinópolis BR,spotify:user:thesoundsofspotify:playlist:0BwTi4LRkF6g45pk41WpfL,http://open.spotify.com/user/thesoundsofspotify/playlist/0BwTi4LRkF6g45pk41WpfL
Docklands AU,spotify:user:thesoundsofspotify:playlist:7DGItEHtgEqfLhkzfTqf4c,http://open.spotify.com/user/thesoundsofspotify/playlist/7DGItEHtgEqfLhkzfTqf4c
Doetinchem NL,spotify:user:thesoundsofspotify:playlist:70m7fX4inTrmABkI8nbTWM,http://open.spotify.com/user/thesoundsofspotify/playlist/70m7fX4inTrmABkI8nbTWM
Don Bosco PH,spotify:user:thesoundsofspotify:playlist:6fDlIPmEqVPvFjHvQaaHab,http://open.spotify.com/user/thesoundsofspotify/playlist/6fDlIPmEqVPvFjHvQaaHab
Don Torcuato AR,spotify:user:thesoundsofspotify:playlist:32a8x0T4WpnT2HZXKHwnXI,http://open.spotify.com/user/thesoundsofspotify/playlist/32a8x0T4WpnT2HZXKHwnXI
Doncaster GB,spotify:user:thesoundsofspotify:playlist:2iJswz8d3eQQwk2DwsW9ml,http://open.spotify.com/user/thesoundsofspotify/playlist/2iJswz8d3eQQwk2DwsW9ml
Dorado Puerto Rico US,spotify:user:thesoundsofspotify:playlist:7odErwSbmSica8vkWmXhW0,http://open.spotify.com/user/thesoundsofspotify/playlist/7odErwSbmSica8vkWmXhW0
Dordrecht NL,spotify:user:thesoundsofspotify:playlist:5ILeJUo9AjIbWVuoOn3BPQ,http://open.spotify.com/user/thesoundsofspotify/playlist/5ILeJUo9AjIbWVuoOn3BPQ
Dortmund DE,spotify:user:thesoundsofspotify:playlist:7HwS0dWebnXyOnm4LaaiiV,http://open.spotify.com/user/thesoundsofspotify/playlist/7HwS0dWebnXyOnm4LaaiiV
Dos Hermanas ES,spotify:user:thesoundsofspotify:playlist:0Qi5fkfBwnuDj8hQVsmcNS,http://open.spotify.com/user/thesoundsofspotify/playlist/0Qi5fkfBwnuDj8hQVsmcNS
Dourados BR,spotify:user:thesoundsofspotify:playlist:0C92o10UGjyP6R1VBThJZ0,http://open.spotify.com/user/thesoundsofspotify/playlist/0C92o10UGjyP6R1VBThJZ0
Downey California US,spotify:user:thesoundsofspotify:playlist:6zYRumD8dqmeCyz6oTdo6t,http://open.spotify.com/user/thesoundsofspotify/playlist/6zYRumD8dqmeCyz6oTdo6t
Doylestown Pennsylvania US,spotify:user:thesoundsofspotify:playlist:5n0C4W71Pu7ApCx1NSs2NN,http://open.spotify.com/user/thesoundsofspotify/playlist/5n0C4W71Pu7ApCx1NSs2NN
Drachten NL,spotify:user:thesoundsofspotify:playlist:6WYoyvqRUYMOqEc9gTaEeS,http://open.spotify.com/user/thesoundsofspotify/playlist/6WYoyvqRUYMOqEc9gTaEeS
Drammen NO,spotify:user:thesoundsofspotify:playlist:0Zb2KBT9x9z1tgNGMhu9rN,http://open.spotify.com/user/thesoundsofspotify/playlist/0Zb2KBT9x9z1tgNGMhu9rN
Drancy FR,spotify:user:thesoundsofspotify:playlist:3QMS63sdPUuPQrdueYfWWC,http://open.spotify.com/user/thesoundsofspotify/playlist/3QMS63sdPUuPQrdueYfWWC
Dreieich DE,spotify:user:thesoundsofspotify:playlist:3EHBPcJQYiQyqas6zjg5VE,http://open.spotify.com/user/thesoundsofspotify/playlist/3EHBPcJQYiQyqas6zjg5VE
Dresden DE,spotify:user:thesoundsofspotify:playlist:41DTWlPJs4ELtaTx4HuS1R,http://open.spotify.com/user/thesoundsofspotify/playlist/41DTWlPJs4ELtaTx4HuS1R
Drummoyne AU,spotify:user:thesoundsofspotify:playlist:3M0ZLK0MV0dpz1n6kfdXin,http://open.spotify.com/user/thesoundsofspotify/playlist/3M0ZLK0MV0dpz1n6kfdXin
Duarte California US,spotify:user:thesoundsofspotify:playlist:4U2bgokE1r0Ov1mpr6mgJT,http://open.spotify.com/user/thesoundsofspotify/playlist/4U2bgokE1r0Ov1mpr6mgJT
Dubai AE,spotify:user:thesoundsofspotify:playlist:2a0z7nWxmRPSnVzRCqQESU,http://open.spotify.com/user/thesoundsofspotify/playlist/2a0z7nWxmRPSnVzRCqQESU
Dublin California US,spotify:user:thesoundsofspotify:playlist:7dLir6TEIMCRa93PdvrEod,http://open.spotify.com/user/thesoundsofspotify/playlist/7dLir6TEIMCRa93PdvrEod
Dublin IE,spotify:user:thesoundsofspotify:playlist:1n0W8NFV4OQBXCU9oZF4eX,http://open.spotify.com/user/thesoundsofspotify/playlist/1n0W8NFV4OQBXCU9oZF4eX
Duisburg DE,spotify:user:thesoundsofspotify:playlist:36sv3XQg3o9h0RcqmtP87w,http://open.spotify.com/user/thesoundsofspotify/playlist/36sv3XQg3o9h0RcqmtP87w
Duluth Georgia US,spotify:user:thesoundsofspotify:playlist:1ES5W9Z9X0o3yA9E5rYxV1,http://open.spotify.com/user/thesoundsofspotify/playlist/1ES5W9Z9X0o3yA9E5rYxV1
Dulwich Hill AU,spotify:user:thesoundsofspotify:playlist:4LloD9fUOWzyS6XnvAWsps,http://open.spotify.com/user/thesoundsofspotify/playlist/4LloD9fUOWzyS6XnvAWsps
Dundee GB,spotify:user:thesoundsofspotify:playlist:0c9x2tuEXF4T1um3rKd4oT,http://open.spotify.com/user/thesoundsofspotify/playlist/0c9x2tuEXF4T1um3rKd4oT
Dunedin NZ,spotify:user:thesoundsofspotify:playlist:0MIYmuHnh5Gb6cxT1Pah7k,http://open.spotify.com/user/thesoundsofspotify/playlist/0MIYmuHnh5Gb6cxT1Pah7k
Dunfermline GB,spotify:user:thesoundsofspotify:playlist:6GqBxD3NrLugmN3Blyp108,http://open.spotify.com/user/thesoundsofspotify/playlist/6GqBxD3NrLugmN3Blyp108
Duque De Caxias BR,spotify:user:thesoundsofspotify:playlist:2wMouzgMkb9yVhtP1nMsF8,http://open.spotify.com/user/thesoundsofspotify/playlist/2wMouzgMkb9yVhtP1nMsF8
Durango MX,spotify:user:thesoundsofspotify:playlist:2dRsRSx17wzWYjDe407wfS,http://open.spotify.com/user/thesoundsofspotify/playlist/2dRsRSx17wzWYjDe407wfS
Durham GB,spotify:user:thesoundsofspotify:playlist:5acqrVFsYtSeyJNZcXgsRK,http://open.spotify.com/user/thesoundsofspotify/playlist/5acqrVFsYtSeyJNZcXgsRK
Durham North Carolina US,spotify:user:thesoundsofspotify:playlist:643vCKUXSZPY1gKuKsCAY6,http://open.spotify.com/user/thesoundsofspotify/playlist/643vCKUXSZPY1gKuKsCAY6
Düsseldorf DE,spotify:user:thesoundsofspotify:playlist:4qUo662D5AHrpH2ulGVzU5,http://open.spotify.com/user/thesoundsofspotify/playlist/4qUo662D5AHrpH2ulGVzU5
East Brisbane AU,spotify:user:thesoundsofspotify:playlist:3h1FLntGstmG3teChLoXey,http://open.spotify.com/user/thesoundsofspotify/playlist/3h1FLntGstmG3teChLoXey
East Lansing Michigan US,spotify:user:thesoundsofspotify:playlist:24ODYtpyrnEKqxO8v0IT4t,http://open.spotify.com/user/thesoundsofspotify/playlist/24ODYtpyrnEKqxO8v0IT4t
East Perth AU,spotify:user:thesoundsofspotify:playlist:35BgmpVBRVTioWkaTmF6Zl,http://open.spotify.com/user/thesoundsofspotify/playlist/35BgmpVBRVTioWkaTmF6Zl
East Rembo PH,spotify:user:thesoundsofspotify:playlist:39VrJmQ3NPTnp12uG2B5b1,http://open.spotify.com/user/thesoundsofspotify/playlist/39VrJmQ3NPTnp12uG2B5b1
Easton Pennsylvania US,spotify:user:thesoundsofspotify:playlist:47x86053ead36Tv39OPQ7Q,http://open.spotify.com/user/thesoundsofspotify/playlist/47x86053ead36Tv39OPQ7Q
Ecatepec De Morelos MX,spotify:user:thesoundsofspotify:playlist:4tTz06SbIhKk6XjO85NIFt,http://open.spotify.com/user/thesoundsofspotify/playlist/4tTz06SbIhKk6XjO85NIFt
Ecatepec MX,spotify:user:thesoundsofspotify:playlist:2B0Op0l0rzjJI6OSb6YMbH,http://open.spotify.com/user/thesoundsofspotify/playlist/2B0Op0l0rzjJI6OSb6YMbH
Ecuador,spotify:user:thesoundsofspotify:playlist:4E34NzKniK1FSSu33ZbVCS,http://open.spotify.com/user/thesoundsofspotify/playlist/4E34NzKniK1FSSu33ZbVCS
Ede NL,spotify:user:thesoundsofspotify:playlist:7I7ibycsm404LzOnvauYUz,http://open.spotify.com/user/thesoundsofspotify/playlist/7I7ibycsm404LzOnvauYUz
Edgware GB,spotify:user:thesoundsofspotify:playlist:7n5YrtNywAAXAk6m1K0SIC,http://open.spotify.com/user/thesoundsofspotify/playlist/7n5YrtNywAAXAk6m1K0SIC
Edinburgh GB,spotify:user:thesoundsofspotify:playlist:59mVtaEYToEQ9AToHqB0db,http://open.spotify.com/user/thesoundsofspotify/playlist/59mVtaEYToEQ9AToHqB0db
Edmonton CA,spotify:user:thesoundsofspotify:playlist:48KS2RCXXqStC5H4miqKF0,http://open.spotify.com/user/thesoundsofspotify/playlist/48KS2RCXXqStC5H4miqKF0
Egersund NO,spotify:user:thesoundsofspotify:playlist:2jGsczV1xBrsr7HEWnTumk,http://open.spotify.com/user/thesoundsofspotify/playlist/2jGsczV1xBrsr7HEWnTumk
Egypt,spotify:user:thesoundsofspotify:playlist:3dM8mbIAa94xP71GdAWfPD,http://open.spotify.com/user/thesoundsofspotify/playlist/3dM8mbIAa94xP71GdAWfPD
Eindhoven NL,spotify:user:thesoundsofspotify:playlist:0j8IVhdEAObpUmTEo3jODk,http://open.spotify.com/user/thesoundsofspotify/playlist/0j8IVhdEAObpUmTEo3jODk
Ekerö SE,spotify:user:thesoundsofspotify:playlist:7B6rLZmeqiWiiC8lsKZ0AN,http://open.spotify.com/user/thesoundsofspotify/playlist/7B6rLZmeqiWiiC8lsKZ0AN
Eksjö SE,spotify:user:thesoundsofspotify:playlist:17SQnspNxLsj7S3v7apAVI,http://open.spotify.com/user/thesoundsofspotify/playlist/17SQnspNxLsj7S3v7apAVI
El Monte California US,spotify:user:thesoundsofspotify:playlist:1P7IDTXtERhd0MOh2VWtwD,http://open.spotify.com/user/thesoundsofspotify/playlist/1P7IDTXtERhd0MOh2VWtwD
El Paso Texas US,spotify:user:thesoundsofspotify:playlist:6qrHBQlFZUVCEAAG5zcRcs,http://open.spotify.com/user/thesoundsofspotify/playlist/6qrHBQlFZUVCEAAG5zcRcs
El Puerto De Santa María ES,spotify:user:thesoundsofspotify:playlist:39hu3wd3550aKEUHgIog18,http://open.spotify.com/user/thesoundsofspotify/playlist/39hu3wd3550aKEUHgIog18
El Salvador,spotify:user:thesoundsofspotify:playlist:5cgHq0FJENtKQq1GlGtt8c,http://open.spotify.com/user/thesoundsofspotify/playlist/5cgHq0FJENtKQq1GlGtt8c
Elche ES,spotify:user:thesoundsofspotify:playlist:5XMW3mmraDo4jaVR36Jwvl,http://open.spotify.com/user/thesoundsofspotify/playlist/5XMW3mmraDo4jaVR36Jwvl
Elizabeth New Jersey US,spotify:user:thesoundsofspotify:playlist:6PbusiwYVGkXSZ6OdR2v90,http://open.spotify.com/user/thesoundsofspotify/playlist/6PbusiwYVGkXSZ6OdR2v90
Elk Grove California US,spotify:user:thesoundsofspotify:playlist:0jvgA4vxJ3AtmOx3WHSN2Z,http://open.spotify.com/user/thesoundsofspotify/playlist/0jvgA4vxJ3AtmOx3WHSN2Z
Elkton Maryland US,spotify:user:thesoundsofspotify:playlist:0jTSDKdjai6uvX9hHybAsL,http://open.spotify.com/user/thesoundsofspotify/playlist/0jTSDKdjai6uvX9hHybAsL
Elmhurst Illinois US,spotify:user:thesoundsofspotify:playlist:3i3vHs26vj5oHQk66b3UTb,http://open.spotify.com/user/thesoundsofspotify/playlist/3i3vHs26vj5oHQk66b3UTb
Elmhurst New York US,spotify:user:thesoundsofspotify:playlist:6fqp36sM6ceXvr2ZgexEw6,http://open.spotify.com/user/thesoundsofspotify/playlist/6fqp36sM6ceXvr2ZgexEw6
Elverum NO,spotify:user:thesoundsofspotify:playlist:0kETc6XgDDB8gjDKLZPKoy,http://open.spotify.com/user/thesoundsofspotify/playlist/0kETc6XgDDB8gjDKLZPKoy
Elwood AU,spotify:user:thesoundsofspotify:playlist:70gAkJkKM15qOEICGxEBuL,http://open.spotify.com/user/thesoundsofspotify/playlist/70gAkJkKM15qOEICGxEBuL
Emmen NL,spotify:user:thesoundsofspotify:playlist:5L5ShO2iUUDVjZ78Ahm88x,http://open.spotify.com/user/thesoundsofspotify/playlist/5L5ShO2iUUDVjZ78Ahm88x
Enfield GB,spotify:user:thesoundsofspotify:playlist:7Cy3876NzSu88DNrqeNX1a,http://open.spotify.com/user/thesoundsofspotify/playlist/7Cy3876NzSu88DNrqeNX1a
Enköping SE,spotify:user:thesoundsofspotify:playlist:39SsLtzM8o4cQX2JNoVXT5,http://open.spotify.com/user/thesoundsofspotify/playlist/39SsLtzM8o4cQX2JNoVXT5
Enschede NL,spotify:user:thesoundsofspotify:playlist:1pWHdJjCaWNRsIp66q2Lgb,http://open.spotify.com/user/thesoundsofspotify/playlist/1pWHdJjCaWNRsIp66q2Lgb
Ensenada MX,spotify:user:thesoundsofspotify:playlist:77XgdG24ACXetz2vfXZE9R,http://open.spotify.com/user/thesoundsofspotify/playlist/77XgdG24ACXetz2vfXZE9R
Enskede SE,spotify:user:thesoundsofspotify:playlist:2PVBqdl5fw1agLLvIFdBgo,http://open.spotify.com/user/thesoundsofspotify/playlist/2PVBqdl5fw1agLLvIFdBgo
Epping AU,spotify:user:thesoundsofspotify:playlist:5gGaHl8mF18NavWZ0dPbgO,http://open.spotify.com/user/thesoundsofspotify/playlist/5gGaHl8mF18NavWZ0dPbgO
Erfurt DE,spotify:user:thesoundsofspotify:playlist:5sLcY2vLFLs78FXMBGG4Ob,http://open.spotify.com/user/thesoundsofspotify/playlist/5sLcY2vLFLs78FXMBGG4Ob
Erkrath DE,spotify:user:thesoundsofspotify:playlist:5vCdgy8Km09crd1YUccvVv,http://open.spotify.com/user/thesoundsofspotify/playlist/5vCdgy8Km09crd1YUccvVv
Erlangen DE,spotify:user:thesoundsofspotify:playlist:6Jcic9kIhHI8OhWVBFM5Jp,http://open.spotify.com/user/thesoundsofspotify/playlist/6Jcic9kIhHI8OhWVBFM5Jp
Ermont FR,spotify:user:thesoundsofspotify:playlist:24KwBEndDYzNkQCoNiEac9,http://open.spotify.com/user/thesoundsofspotify/playlist/24KwBEndDYzNkQCoNiEac9
Esbjerg DK,spotify:user:thesoundsofspotify:playlist:6I73n99JA4s0D5mSkYtT1G,http://open.spotify.com/user/thesoundsofspotify/playlist/6I73n99JA4s0D5mSkYtT1G
Espoo FI,spotify:user:thesoundsofspotify:playlist:1Y2pxVsiuD6tIY9Bf7ZBfL,http://open.spotify.com/user/thesoundsofspotify/playlist/1Y2pxVsiuD6tIY9Bf7ZBfL
